{
    "flows": [
    {
        "features": [
            "sourceIPAddress",
            "destinationIPAddress",
            "protocolIdentifier",
            "sourceTransportPort",
            "destinationTransportPort",
            {"mean": ["octetTotalCount"]},
            "flowEndReason",
            "flowEndNanoSeconds",
            "ipTotalLength",
            {"apply": ["ipTotalLength", {"select": [{"less": ["ipTotalLength", 80]}]}]},
            "minimumIpTotalLength",
            "maximumIpTotalLength"
        ]
    },
    {
        "features": [
            "sourceIPAddress",
            "destinationIPAddress",
            "protocolIdentifier"
        ]
    }
    ]
}
