{
    "active_timeout": 1800,
    "idle_timeout": 300,
    "features": [
        "sourceIPAddress",
        "destinationIPAddress",
        "protocolIdentifier",
        "sourceTransportPort",
        "destinationTransportPort",
        {"mean": ["octetTotalCount"]},
        "flowEndReason",
        "flowEndNanoseconds",
        "ipTotalLength",
        {"apply": ["ipTotalLength", {"select": [{"less": ["ipTotalLength", 80]}]}]},
        "minimumIpTotalLength",
        "maximumIpTotalLength"
    ],
    "bidirectional": true,
    "key_features": [
        "sourceIPAddress",
        "destinationIPAddress",
        "protocolIdentifier",
        "sourceTransportPort",
        "destinationTransportPort"
    ]
}
