{
    "active_timeout": 1800,
    "idle_timeout": 300,
    "features": [
        "sourceIPAddress",
        "destinationIPAddress",
        "protocolIdentifier",
        "sourceTransportPort",
        "destinationTransportPort",
        "flowEndReason",
        "flowEndNanoseconds",
        "ipTotalLength",
        {"accumulate": ["__label"]}
    ],
    "bidirectional": true,
    "key_features": [
        "sourceIPAddress",
        "destinationIPAddress",
        "protocolIdentifier",
        "sourceTransportPort",
        "destinationTransportPort"
    ]
}
