{
    "active_timeout": 1800,
    "idle_timeout": 300,
    "features": [
        "sourceIPAddress",
        "destinationIPAddress",
        "protocolIdentifier",
        "sourceTransportPort",
        "destinationTransportPort",
        "octetTotalCount",
        {"accumulate": ["_payload"]},
        "tcpReorder"
    ],
    "bidirectional": true,
    "key_features": [
        "sourceIPAddress",
        "destinationIPAddress",
        "protocolIdentifier",
        "sourceTransportPort",
        "destinationTransportPort"
    ]
}
