{"str_repr": "(0303)(2a2ac02bc02fc02cc030cca9cca8c013c014009c009d002f0035000a)((caca)(ff01)(0000)(0017)(0023)(000d00140012040308040401050308050501080606010201)(000500050100000000)(0012)(0010000e000c02683208687474702f312e31)(7550)(000b00020100)(000a000a00082a2a001d00170018)(dada)(0015))", "max_implementation_date": "2018-06", "min_implementation_date": "1999-01", "tls_features": {"cipher_suites": ["GREASE", "TLS_ECDHE_ECDSA_WITH_AES_128_GCM_SHA256", "TLS_ECDHE_RSA_WITH_AES_128_GCM_SHA256", "TLS_ECDHE_ECDSA_WITH_AES_256_GCM_SHA384", "TLS_ECDHE_RSA_WITH_AES_256_GCM_SHA384", "TLS_ECDHE_ECDSA_WITH_CHACHA20_POLY1305_SHA256", "TLS_ECDHE_RSA_WITH_CHACHA20_POLY1305_SHA256", "TLS_ECDHE_RSA_WITH_AES_128_CBC_SHA", "TLS_ECDHE_RSA_WITH_AES_256_CBC_SHA", "TLS_RSA_WITH_AES_128_GCM_SHA256", "TLS_RSA_WITH_AES_256_GCM_SHA384", "TLS_RSA_WITH_AES_128_CBC_SHA", "TLS_RSA_WITH_AES_256_CBC_SHA", "TLS_RSA_WITH_3DES_EDE_CBC_SHA"], "extensions": [{"GREASE": ""}, {"renegotiation_info": ""}, {"server_name": ""}, {"extended_master_secret": ""}, {"session_ticket": ""}, {"signature_algorithms": {"signature_hash_algorithms_length": 18, "algorithms": ["ecdsa_sha256", "rsa_pss_sha256", "rsa_sha256", "ecdsa_sha384", "rsa_pss_sha384", "rsa_sha384", "rsa_pss_sha512", "rsa_sha512", "rsa_sha1"]}}, {"status_request": {"certificate_status_type": "ocsp", "responder_id_list_length": 0, "request_extensions_length": 0}}, {"signed_certificate_timestamp": ""}, {"application_layer_protocol_negotiation": ["h2", "http/1.1"]}, {"channel_id": ""}, {"ec_point_formats": {"ec_point_formats_length": 1, "ec_point_formats": ["uncompressed"]}}, {"supported_groups": {"supported_groups_list_length": 8, "supported_groups": ["GREASE", "x25519", "secp256r1", "secp384r1"]}}, {"GREASE": ""}, {"padding": ""}]}, "source": ["blake_vm"], "process_info": [{"process": "chrome", "application_category": "Unknown", "prevalence": 1.0, "count": 1, "sha256": "409fd490c8cc0f6bac6bd4765bd17607372a4c585190a2641d27c07b7912f624"}]}
{"str_repr": "(0303)(130213031301c02cc030009fcca9cca8ccaac02bc02f009ec024c028006bc023c0270067c00ac0140039c009c0130033009d009c003d003c0035002f00ff)((0000)(000b000403000102)(000a000c000a001d0017001e00190018)(3374)(0010000e000c02683208687474702f312e31)(0016)(0017)(000d0030002e040305030603080708080809080a080b080408050806040105010601030302030301020103020202040205020602)(002b0009087f1a030303020301)(002d00020101)(0033)(0015))", "max_implementation_date": "2018-08", "min_implementation_date": "2002-06", "tls_features": {"cipher_suites": ["TLS_AES_256_GCM_SHA384", "TLS_CHACHA20_POLY1305_SHA256", "TLS_AES_128_GCM_SHA256", "TLS_ECDHE_ECDSA_WITH_AES_256_GCM_SHA384", "TLS_ECDHE_RSA_WITH_AES_256_GCM_SHA384", "TLS_DHE_RSA_WITH_AES_256_GCM_SHA384", "TLS_ECDHE_ECDSA_WITH_CHACHA20_POLY1305_SHA256", "TLS_ECDHE_RSA_WITH_CHACHA20_POLY1305_SHA256", "TLS_DHE_RSA_WITH_CHACHA20_POLY1305_SHA256", "TLS_ECDHE_ECDSA_WITH_AES_128_GCM_SHA256", "TLS_ECDHE_RSA_WITH_AES_128_GCM_SHA256", "TLS_DHE_RSA_WITH_AES_128_GCM_SHA256", "TLS_ECDHE_ECDSA_WITH_AES_256_CBC_SHA384", "TLS_ECDHE_RSA_WITH_AES_256_CBC_SHA384", "TLS_DHE_RSA_WITH_AES_256_CBC_SHA256", "TLS_ECDHE_ECDSA_WITH_AES_128_CBC_SHA256", "TLS_ECDHE_RSA_WITH_AES_128_CBC_SHA256", "TLS_DHE_RSA_WITH_AES_128_CBC_SHA256", "TLS_ECDHE_ECDSA_WITH_AES_256_CBC_SHA", "TLS_ECDHE_RSA_WITH_AES_256_CBC_SHA", "TLS_DHE_RSA_WITH_AES_256_CBC_SHA", "TLS_ECDHE_ECDSA_WITH_AES_128_CBC_SHA", "TLS_ECDHE_RSA_WITH_AES_128_CBC_SHA", "TLS_DHE_RSA_WITH_AES_128_CBC_SHA", "TLS_RSA_WITH_AES_256_GCM_SHA384", "TLS_RSA_WITH_AES_128_GCM_SHA256", "TLS_RSA_WITH_AES_256_CBC_SHA256", "TLS_RSA_WITH_AES_128_CBC_SHA256", "TLS_RSA_WITH_AES_256_CBC_SHA", "TLS_RSA_WITH_AES_128_CBC_SHA", "TLS_EMPTY_RENEGOTIATION_INFO_SCSV"], "extensions": [{"server_name": ""}, {"ec_point_formats": {"ec_point_formats_length": 3, "ec_point_formats": ["uncompressed", "ansiX962_compressed_prime", "ansiX962_compressed_char2"]}}, {"supported_groups": {"supported_groups_list_length": 10, "supported_groups": ["x25519", "secp256r1", "x448", "secp521r1", "secp384r1"]}}, {"next_protocol_negotiation": ""}, {"application_layer_protocol_negotiation": ["h2", "http/1.1"]}, {"encrypt_then_mac": ""}, {"extended_master_secret": ""}, {"signature_algorithms": {"signature_hash_algorithms_length": 46, "algorithms": ["ecdsa_sha256", "ecdsa_sha384", "ecdsa_sha512", "ed25519", "ed448", "rsa_pss_pss_sha256", "rsa_pss_pss_sha384", "rsa_pss_pss_sha512", "rsa_pss_sha256", "rsa_pss_sha384", "rsa_pss_sha512", "rsa_sha256", "rsa_sha384", "rsa_sha512", "ecdsa_sha224", "ecdsa_sha1", "rsa_sha224", "rsa_sha1", "dsa_sha224", "dsa_sha1", "dsa_sha256", "dsa_sha384", "dsa_sha512"]}}, {"supported_versions": {"supported_versions_list_length": 8, "supported_versions": ["TLS 1.3 (draft 26)", "TLS 1.2", "TLS 1.1", "TLS 1.0"]}}, {"psk_key_exchange_modes": {"psk_key_exchange_modes_length": 1, "psk_key_exchange_mode": "psk_dhe_ke"}}, {"key_share": ""}, {"padding": ""}]}, "process_info": [{"process": "Unknown", "application_category": "Unknown", "sha256": "Unknown", "count": 1, "prevalence": 1.0}], "source": ["blake_vm"]}
{"str_repr": "(0303)(dadac02bc02fc02cc030cca9cca8c013c014009c009d002f0035000a)((7a7a)(ff01)(0000)(0017)(0023)(000d00140012040308040401050308050501080606010201)(000500050100000000)(0012)(0010000e000c02683208687474702f312e31)(7550)(000b00020100)(000a000a00085a5a001d00170018)(4a4a))", "max_implementation_date": "2018-06", "min_implementation_date": "1999-01", "tls_features": {"cipher_suites": ["GREASE", "TLS_ECDHE_ECDSA_WITH_AES_128_GCM_SHA256", "TLS_ECDHE_RSA_WITH_AES_128_GCM_SHA256", "TLS_ECDHE_ECDSA_WITH_AES_256_GCM_SHA384", "TLS_ECDHE_RSA_WITH_AES_256_GCM_SHA384", "TLS_ECDHE_ECDSA_WITH_CHACHA20_POLY1305_SHA256", "TLS_ECDHE_RSA_WITH_CHACHA20_POLY1305_SHA256", "TLS_ECDHE_RSA_WITH_AES_128_CBC_SHA", "TLS_ECDHE_RSA_WITH_AES_256_CBC_SHA", "TLS_RSA_WITH_AES_128_GCM_SHA256", "TLS_RSA_WITH_AES_256_GCM_SHA384", "TLS_RSA_WITH_AES_128_CBC_SHA", "TLS_RSA_WITH_AES_256_CBC_SHA", "TLS_RSA_WITH_3DES_EDE_CBC_SHA"], "extensions": [{"GREASE": ""}, {"renegotiation_info": ""}, {"server_name": ""}, {"extended_master_secret": ""}, {"session_ticket": ""}, {"signature_algorithms": {"signature_hash_algorithms_length": 18, "algorithms": ["ecdsa_sha256", "rsa_pss_sha256", "rsa_sha256", "ecdsa_sha384", "rsa_pss_sha384", "rsa_sha384", "rsa_pss_sha512", "rsa_sha512", "rsa_sha1"]}}, {"status_request": {"certificate_status_type": "ocsp", "responder_id_list_length": 0, "request_extensions_length": 0}}, {"signed_certificate_timestamp": ""}, {"application_layer_protocol_negotiation": ["h2", "http/1.1"]}, {"channel_id": ""}, {"ec_point_formats": {"ec_point_formats_length": 1, "ec_point_formats": ["uncompressed"]}}, {"supported_groups": {"supported_groups_list_length": 8, "supported_groups": ["GREASE", "x25519", "secp256r1", "secp384r1"]}}, {"GREASE": ""}]}, "source": ["blake_vm"], "process_info": [{"process": "chrome", "application_category": "Unknown", "prevalence": 1.0, "count": 1, "sha256": "409fd490c8cc0f6bac6bd4765bd17607372a4c585190a2641d27c07b7912f624"}]}
{"str_repr": "(0303)(130113031302c02bc02fcca9cca8c02cc030c00ac009c013c01400330039002f0035000a)((0000)(0017)(ff01)(000a000e000c001d00170018001901000101)(000b00020100)(0023)(0010000e000c02683208687474702f312e31)(000500050100000000)(0033)(002b0009080304030303020301)(000d0018001604030503060308040805080604010501060102030201)(002d00020101)(001c)(0015))", "max_implementation_date": "2018-08", "min_implementation_date": "1999-01", "tls_features": {"cipher_suites": ["TLS_AES_128_GCM_SHA256", "TLS_CHACHA20_POLY1305_SHA256", "TLS_AES_256_GCM_SHA384", "TLS_ECDHE_ECDSA_WITH_AES_128_GCM_SHA256", "TLS_ECDHE_RSA_WITH_AES_128_GCM_SHA256", "TLS_ECDHE_ECDSA_WITH_CHACHA20_POLY1305_SHA256", "TLS_ECDHE_RSA_WITH_CHACHA20_POLY1305_SHA256", "TLS_ECDHE_ECDSA_WITH_AES_256_GCM_SHA384", "TLS_ECDHE_RSA_WITH_AES_256_GCM_SHA384", "TLS_ECDHE_ECDSA_WITH_AES_256_CBC_SHA", "TLS_ECDHE_ECDSA_WITH_AES_128_CBC_SHA", "TLS_ECDHE_RSA_WITH_AES_128_CBC_SHA", "TLS_ECDHE_RSA_WITH_AES_256_CBC_SHA", "TLS_DHE_RSA_WITH_AES_128_CBC_SHA", "TLS_DHE_RSA_WITH_AES_256_CBC_SHA", "TLS_RSA_WITH_AES_128_CBC_SHA", "TLS_RSA_WITH_AES_256_CBC_SHA", "TLS_RSA_WITH_3DES_EDE_CBC_SHA"], "extensions": [{"server_name": ""}, {"extended_master_secret": ""}, {"renegotiation_info": ""}, {"supported_groups": {"supported_groups_list_length": 12, "supported_groups": ["x25519", "secp256r1", "secp384r1", "secp521r1", "ffdhe2048", "ffdhe3072"]}}, {"ec_point_formats": {"ec_point_formats_length": 1, "ec_point_formats": ["uncompressed"]}}, {"session_ticket": ""}, {"application_layer_protocol_negotiation": ["h2", "http/1.1"]}, {"status_request": {"certificate_status_type": "ocsp", "responder_id_list_length": 0, "request_extensions_length": 0}}, {"key_share": ""}, {"supported_versions": {"supported_versions_list_length": 8, "supported_versions": ["TLS 1.3", "TLS 1.2", "TLS 1.1", "TLS 1.0"]}}, {"signature_algorithms": {"signature_hash_algorithms_length": 22, "algorithms": ["ecdsa_sha256", "ecdsa_sha384", "ecdsa_sha512", "rsa_pss_sha256", "rsa_pss_sha384", "rsa_pss_sha512", "rsa_sha256", "rsa_sha384", "rsa_sha512", "ecdsa_sha1", "rsa_sha1"]}}, {"psk_key_exchange_modes": {"psk_key_exchange_modes_length": 1, "psk_key_exchange_mode": "psk_dhe_ke"}}, {"record_size_limit": ""}, {"padding": ""}]}, "process_info": [{"process": "Unknown", "application_category": "Unknown", "sha256": "Unknown", "count": 10, "prevalence": 1.0}], "source": ["blake_vm"]}
{"str_repr": "(0303)(c02bc02fcca9cca8c02cc030c00ac009c013c01400330039002f0035000a)((0000)(0017)(ff01)(000a000a0008001d001700180019)(000b00020100)(0023)(0010000e000c02683208687474702f312e31)(000500050100000000)(000d0018001604030503060308040805080604010501060102030201)(001c))", "max_implementation_date": "2016-06", "min_implementation_date": "1999-01", "tls_features": {"cipher_suites": ["TLS_ECDHE_ECDSA_WITH_AES_128_GCM_SHA256", "TLS_ECDHE_RSA_WITH_AES_128_GCM_SHA256", "TLS_ECDHE_ECDSA_WITH_CHACHA20_POLY1305_SHA256", "TLS_ECDHE_RSA_WITH_CHACHA20_POLY1305_SHA256", "TLS_ECDHE_ECDSA_WITH_AES_256_GCM_SHA384", "TLS_ECDHE_RSA_WITH_AES_256_GCM_SHA384", "TLS_ECDHE_ECDSA_WITH_AES_256_CBC_SHA", "TLS_ECDHE_ECDSA_WITH_AES_128_CBC_SHA", "TLS_ECDHE_RSA_WITH_AES_128_CBC_SHA", "TLS_ECDHE_RSA_WITH_AES_256_CBC_SHA", "TLS_DHE_RSA_WITH_AES_128_CBC_SHA", "TLS_DHE_RSA_WITH_AES_256_CBC_SHA", "TLS_RSA_WITH_AES_128_CBC_SHA", "TLS_RSA_WITH_AES_256_CBC_SHA", "TLS_RSA_WITH_3DES_EDE_CBC_SHA"], "extensions": [{"server_name": ""}, {"extended_master_secret": ""}, {"renegotiation_info": ""}, {"supported_groups": {"supported_groups_list_length": 8, "supported_groups": ["x25519", "secp256r1", "secp384r1", "secp521r1"]}}, {"ec_point_formats": {"ec_point_formats_length": 1, "ec_point_formats": ["uncompressed"]}}, {"session_ticket": ""}, {"application_layer_protocol_negotiation": ["h2", "http/1.1"]}, {"status_request": {"certificate_status_type": "ocsp", "responder_id_list_length": 0, "request_extensions_length": 0}}, {"signature_algorithms": {"signature_hash_algorithms_length": 22, "algorithms": ["ecdsa_sha256", "ecdsa_sha384", "ecdsa_sha512", "rsa_pss_sha256", "rsa_pss_sha384", "rsa_pss_sha512", "rsa_sha256", "rsa_sha384", "rsa_sha512", "ecdsa_sha1", "rsa_sha1"]}}, {"record_size_limit": ""}]}, "process_info": [{"process": "Unknown", "application_category": "Unknown", "sha256": "Unknown", "count": 10, "prevalence": 1.0}], "source": ["blake_vm"]}
