{
    "tls_params": {
        "1301": {
            "enc": "AES_128_GCM",
            "hash": "SHA256"
        },
        "1302": {
            "enc": "AES_256_GCM",
            "hash": "SHA384"
        },
        "1303": {
            "enc": "CHACHA20_POLY1305",
            "hash": "SHA256"
        },
        "1304": {
            "enc": "AES_128_CCM",
            "hash": "SHA256"
        },
        "1305": {
            "enc": "AES_128_CCM_8",
            "hash": "SHA256"
        },
        "c005": {
            "enc": "AES_256_CBC", 
            "hash": "SHA", 
            "auth": "HMAC", 
            "sig": "ECDSA", 
            "kex": "ECDH", 
            "desc": "TLS_ECDH_ECDSA_WITH_AES_256_CBC_SHA"
        }, 
        "c004": {
            "enc": "AES_128_CBC", 
            "hash": "SHA", 
            "auth": "HMAC", 
            "sig": "ECDSA", 
            "kex": "ECDH", 
            "desc": "TLS_ECDH_ECDSA_WITH_AES_128_CBC_SHA"
        }, 
        "c007": {
            "enc": "RC4_128", 
            "hash": "SHA", 
            "auth": "HMAC", 
            "sig": "ECDSA", 
            "kex": "ECDHE", 
            "desc": "TLS_ECDHE_ECDSA_WITH_RC4_128_SHA"
        }, 
        "c006": {
            "enc": "NULL", 
            "hash": "SHA", 
            "auth": "NULL", 
            "sig": "ECDSA", 
            "kex": "ECDHE", 
            "desc": "TLS_ECDHE_ECDSA_WITH_NULL_SHA"
        }, 
        "0039": {
            "enc": "AES_256_CBC", 
            "hash": "SHA", 
            "auth": "HMAC", 
            "sig": "RSA", 
            "kex": "DHE", 
            "desc": "TLS_DHE_RSA_WITH_AES_256_CBC_SHA"
        }, 
        "0038": {
            "enc": "AES_256_CBC", 
            "hash": "SHA", 
            "auth": "HMAC", 
            "sig": "DSS", 
            "kex": "DHE", 
            "desc": "TLS_DHE_DSS_WITH_AES_256_CBC_SHA"
        }, 
        "c003": {
            "enc": "3DES_EDE_CBC", 
            "hash": "SHA", 
            "auth": "HMAC", 
            "sig": "ECDSA", 
            "kex": "ECDH", 
            "desc": "TLS_ECDH_ECDSA_WITH_3DES_EDE_CBC_SHA"
        }, 
        "c002": {
            "enc": "RC4_128", 
            "hash": "SHA", 
            "auth": "HMAC", 
            "sig": "ECDSA", 
            "kex": "ECDH", 
            "desc": "TLS_ECDH_ECDSA_WITH_RC4_128_SHA"
        }, 
        "0035": {
            "enc": "AES_256_CBC", 
            "hash": "SHA", 
            "auth": "HMAC", 
            "sig": "RSA-KT", 
            "kex": "RSA", 
            "desc": "TLS_RSA_RSA-KT_WITH_AES_256_CBC_SHA"
        }, 
        "0034": {
            "enc": "AES_128_CBC", 
            "hash": "SHA", 
            "auth": "HMAC", 
            "sig": "anon", 
            "kex": "DH_anon", 
            "desc": "TLS_DH_anon_anon_WITH_AES_128_CBC_SHA"
        }, 
        "0037": {
            "enc": "AES_256_CBC", 
            "hash": "SHA", 
            "auth": "HMAC", 
            "sig": "RSA", 
            "kex": "DH", 
            "desc": "TLS_DH_RSA_WITH_AES_256_CBC_SHA"
        }, 
        "0036": {
            "enc": "AES_256_CBC", 
            "hash": "SHA", 
            "auth": "HMAC", 
            "sig": "DSS", 
            "kex": "DH", 
            "desc": "TLS_DH_DSS_WITH_AES_256_CBC_SHA"
        }, 
        "0031": {
            "enc": "AES_128_CBC", 
            "hash": "SHA", 
            "auth": "HMAC", 
            "sig": "RSA", 
            "kex": "DH", 
            "desc": "TLS_DH_RSA_WITH_AES_128_CBC_SHA"
        }, 
        "0030": {
            "enc": "AES_128_CBC", 
            "hash": "SHA", 
            "auth": "HMAC", 
            "sig": "DSS", 
            "kex": "DH", 
            "desc": "TLS_DH_DSS_WITH_AES_128_CBC_SHA"
        }, 
        "0033": {
            "enc": "AES_128_CBC", 
            "hash": "SHA", 
            "auth": "HMAC", 
            "sig": "RSA", 
            "kex": "DHE", 
            "desc": "TLS_DHE_RSA_WITH_AES_128_CBC_SHA"
        }, 
        "0032": {
            "enc": "AES_128_CBC", 
            "hash": "SHA", 
            "auth": "HMAC", 
            "sig": "DSS", 
            "kex": "DHE", 
            "desc": "TLS_DHE_DSS_WITH_AES_128_CBC_SHA"
        }, 
        "c07a": {
            "enc": "CAMELLIA_128_GCM", 
            "hash": "SHA256", 
            "auth": "CAMELLIA_128_GCM", 
            "sig": "RSA-KT", 
            "kex": "RSA", 
            "desc": "TLS_RSA_RSA-KT_WITH_CAMELLIA_128_GCM_SHA256"
        }, 
        "c07b": {
            "enc": "CAMELLIA_256_GCM", 
            "hash": "SHA384", 
            "auth": "CAMELLIA_256_GCM", 
            "sig": "RSA-KT", 
            "kex": "RSA", 
            "desc": "TLS_RSA_RSA-KT_WITH_CAMELLIA_256_GCM_SHA384"
        }, 
        "c07c": {
            "enc": "CAMELLIA_128_GCM", 
            "hash": "SHA256", 
            "auth": "CAMELLIA_128_GCM", 
            "sig": "RSA", 
            "kex": "DHE", 
            "desc": "TLS_DHE_RSA_WITH_CAMELLIA_128_GCM_SHA256"
        }, 
        "c07d": {
            "enc": "CAMELLIA_256_GCM", 
            "hash": "SHA384", 
            "auth": "CAMELLIA_256_GCM", 
            "sig": "RSA", 
            "kex": "DHE", 
            "desc": "TLS_DHE_RSA_WITH_CAMELLIA_256_GCM_SHA384"
        }, 
        "c07e": {
            "enc": "CAMELLIA_128_GCM", 
            "hash": "SHA256", 
            "auth": "CAMELLIA_128_GCM", 
            "sig": "RSA", 
            "kex": "DH", 
            "desc": "TLS_DH_RSA_WITH_CAMELLIA_128_GCM_SHA256"
        }, 
        "c07f": {
            "enc": "CAMELLIA_256_GCM", 
            "hash": "SHA384", 
            "auth": "CAMELLIA_256_GCM", 
            "sig": "RSA", 
            "kex": "DH", 
            "desc": "TLS_DH_RSA_WITH_CAMELLIA_256_GCM_SHA384"
        }, 
        "c001": {
            "enc": "NULL", 
            "hash": "SHA", 
            "auth": "NULL", 
            "sig": "ECDSA", 
            "kex": "ECDH", 
            "desc": "TLS_ECDH_ECDSA_WITH_NULL_SHA"
        }, 
        "c036": {
            "enc": "AES_256_CBC", 
            "hash": "SHA", 
            "auth": "HMAC", 
            "sig": "PSK", 
            "kex": "ECDHE", 
            "desc": "TLS_ECDHE_PSK_WITH_AES_256_CBC_SHA"
        }, 
        "0098": {
            "enc": "SEED_CBC", 
            "hash": "SHA", 
            "auth": "HMAC", 
            "sig": "RSA", 
            "kex": "DH", 
            "desc": "TLS_DH_RSA_WITH_SEED_CBC_SHA"
        }, 
        "c04b": {
            "enc": "ARIA_256_CBC", 
            "hash": "SHA384", 
            "auth": "HMAC", 
            "sig": "ECDSA", 
            "kex": "ECDH", 
            "desc": "TLS_ECDH_ECDSA_WITH_ARIA_256_CBC_SHA384"
        }, 
        "c089": {
            "enc": "CAMELLIA_256_GCM", 
            "hash": "SHA384", 
            "auth": "CAMELLIA_256_GCM", 
            "sig": "ECDSA", 
            "kex": "ECDH", 
            "desc": "TLS_ECDH_ECDSA_WITH_CAMELLIA_256_GCM_SHA384"
        }, 
        "c088": {
            "enc": "CAMELLIA_128_GCM", 
            "hash": "SHA256", 
            "auth": "CAMELLIA_128_GCM", 
            "sig": "ECDSA", 
            "kex": "ECDH", 
            "desc": "TLS_ECDH_ECDSA_WITH_CAMELLIA_128_GCM_SHA256"
        }, 
        "c085": {
            "enc": "CAMELLIA_256_GCM", 
            "hash": "SHA384", 
            "auth": "CAMELLIA_256_GCM", 
            "sig": "anon", 
            "kex": "DH_anon", 
            "desc": "TLS_DH_anon_anon_WITH_CAMELLIA_256_GCM_SHA384"
        }, 
        "c030": {
            "enc": "AES_256_GCM", 
            "hash": "SHA384", 
            "auth": "AES_256_GCM", 
            "sig": "RSA", 
            "kex": "ECDHE", 
            "desc": "TLS_ECDHE_RSA_WITH_AES_256_GCM_SHA384"
        }, 
        "c087": {
            "enc": "CAMELLIA_256_GCM", 
            "hash": "SHA384", 
            "auth": "CAMELLIA_256_GCM", 
            "sig": "ECDSA", 
            "kex": "ECDHE", 
            "desc": "TLS_ECDHE_ECDSA_WITH_CAMELLIA_256_GCM_SHA384"
        }, 
        "c086": {
            "enc": "CAMELLIA_128_GCM", 
            "hash": "SHA256", 
            "auth": "CAMELLIA_128_GCM", 
            "sig": "ECDSA", 
            "kex": "ECDHE", 
            "desc": "TLS_ECDHE_ECDSA_WITH_CAMELLIA_128_GCM_SHA256"
        }, 
        "c081": {
            "enc": "CAMELLIA_256_GCM", 
            "hash": "SHA384", 
            "auth": "CAMELLIA_256_GCM", 
            "sig": "DSS", 
            "kex": "DHE", 
            "desc": "TLS_DHE_DSS_WITH_CAMELLIA_256_GCM_SHA384"
        }, 
        "c080": {
            "enc": "CAMELLIA_128_GCM", 
            "hash": "SHA256", 
            "auth": "CAMELLIA_128_GCM", 
            "sig": "DSS", 
            "kex": "DHE", 
            "desc": "TLS_DHE_DSS_WITH_CAMELLIA_128_GCM_SHA256"
        }, 
        "c083": {
            "enc": "CAMELLIA_256_GCM", 
            "hash": "SHA384", 
            "auth": "CAMELLIA_256_GCM", 
            "sig": "DSS", 
            "kex": "DH", 
            "desc": "TLS_DH_DSS_WITH_CAMELLIA_256_GCM_SHA384"
        }, 
        "c082": {
            "enc": "CAMELLIA_128_GCM", 
            "hash": "SHA256", 
            "auth": "CAMELLIA_128_GCM", 
            "sig": "DSS", 
            "kex": "DH", 
            "desc": "TLS_DH_DSS_WITH_CAMELLIA_128_GCM_SHA256"
        }, 
        "c03d": {
            "enc": "ARIA_256_CBC", 
            "hash": "SHA384", 
            "auth": "HMAC", 
            "sig": "RSA-KT", 
            "kex": "RSA", 
            "desc": "TLS_RSA_RSA-KT_WITH_ARIA_256_CBC_SHA384"
        }, 
        "c020": {
            "enc": "AES_256_CBC", 
            "hash": "SHA", 
            "auth": "HMAC", 
            "sig": "SRP_SHA", 
            "kex": "SRP_SHA", 
            "desc": "TLS_SRP_SHA_SRP_SHA_WITH_AES_256_CBC_SHA"
        }, 
        "c03e": {
            "enc": "ARIA_128_CBC", 
            "hash": "SHA256", 
            "auth": "HMAC", 
            "sig": "DSS", 
            "kex": "DH", 
            "desc": "TLS_DH_DSS_WITH_ARIA_128_CBC_SHA256"
        }, 
        "c078": {
            "enc": "CAMELLIA_128_CBC", 
            "hash": "SHA256", 
            "auth": "HMAC", 
            "sig": "RSA", 
            "kex": "ECDH", 
            "desc": "TLS_ECDH_RSA_WITH_CAMELLIA_128_CBC_SHA256"
        }, 
        "0088": {
            "enc": "CAMELLIA_256_CBC", 
            "hash": "SHA", 
            "auth": "HMAC", 
            "sig": "RSA", 
            "kex": "DHE", 
            "desc": "TLS_DHE_RSA_WITH_CAMELLIA_256_CBC_SHA"
        }, 
        "c033": {
            "enc": "RC4_128", 
            "hash": "SHA", 
            "auth": "HMAC", 
            "sig": "PSK", 
            "kex": "ECDHE", 
            "desc": "TLS_ECDHE_PSK_WITH_RC4_128_SHA"
        }, 
        "c03f": {
            "enc": "ARIA_256_CBC", 
            "hash": "SHA384", 
            "auth": "HMAC", 
            "sig": "DSS", 
            "kex": "DH", 
            "desc": "TLS_DH_DSS_WITH_ARIA_256_CBC_SHA384"
        }, 
        "c0a5": {
            "enc": "AES_256_CCM", 
            "hash": "SHA", 
            "auth": "AES_256_CCM", 
            "sig": "PSK", 
            "kex": "PSK", 
            "desc": "TLS_PSK_PSK_WITH_AES_256_CCM_SHA"
        }, 
        "c070": {
            "enc": "ARIA_128_CBC", 
            "hash": "SHA256", 
            "auth": "HMAC", 
            "sig": "PSK", 
            "kex": "ECDHE", 
            "desc": "TLS_ECDHE_PSK_WITH_ARIA_128_CBC_SHA256"
        }, 
        "c071": {
            "enc": "ARIA_256_CBC", 
            "hash": "SHA384", 
            "auth": "HMAC", 
            "sig": "PSK", 
            "kex": "ECDHE", 
            "desc": "TLS_ECDHE_PSK_WITH_ARIA_256_CBC_SHA384"
        }, 
        "c072": {
            "enc": "CAMELLIA_128_CBC", 
            "hash": "SHA256", 
            "auth": "HMAC", 
            "sig": "ECDSA", 
            "kex": "ECDHE", 
            "desc": "TLS_ECDHE_ECDSA_WITH_CAMELLIA_128_CBC_SHA256"
        }, 
        "c073": {
            "enc": "CAMELLIA_256_CBC", 
            "hash": "SHA384", 
            "auth": "HMAC", 
            "sig": "ECDSA", 
            "kex": "ECDHE", 
            "desc": "TLS_ECDHE_ECDSA_WITH_CAMELLIA_256_CBC_SHA384"
        }, 
        "c074": {
            "enc": "CAMELLIA_128_CBC", 
            "hash": "SHA256", 
            "auth": "HMAC", 
            "sig": "ECDSA", 
            "kex": "ECDH", 
            "desc": "TLS_ECDH_ECDSA_WITH_CAMELLIA_128_CBC_SHA256"
        }, 
        "c075": {
            "enc": "CAMELLIA_256_CBC", 
            "hash": "SHA384", 
            "auth": "HMAC", 
            "sig": "ECDSA", 
            "kex": "ECDH", 
            "desc": "TLS_ECDH_ECDSA_WITH_CAMELLIA_256_CBC_SHA384"
        }, 
        "c076": {
            "enc": "CAMELLIA_128_CBC", 
            "hash": "SHA256", 
            "auth": "HMAC", 
            "sig": "RSA", 
            "kex": "ECDHE", 
            "desc": "TLS_ECDHE_RSA_WITH_CAMELLIA_128_CBC_SHA256"
        }, 
        "c077": {
            "enc": "CAMELLIA_256_CBC", 
            "hash": "SHA384", 
            "auth": "HMAC", 
            "sig": "RSA", 
            "kex": "ECDHE", 
            "desc": "TLS_ECDHE_RSA_WITH_CAMELLIA_256_CBC_SHA384"
        }, 
        "0040": {
            "enc": "AES_128_CBC", 
            "hash": "SHA256", 
            "auth": "HMAC", 
            "sig": "DSS", 
            "kex": "DHE", 
            "desc": "TLS_DHE_DSS_WITH_AES_128_CBC_SHA256"
        }, 
        "0041": {
            "enc": "CAMELLIA_128_CBC", 
            "hash": "SHA", 
            "auth": "HMAC", 
            "sig": "RSA-KT", 
            "kex": "RSA", 
            "desc": "TLS_RSA_RSA-KT_WITH_CAMELLIA_128_CBC_SHA"
        }, 
        "0042": {
            "enc": "CAMELLIA_128_CBC", 
            "hash": "SHA", 
            "auth": "HMAC", 
            "sig": "DSS", 
            "kex": "DH", 
            "desc": "TLS_DH_DSS_WITH_CAMELLIA_128_CBC_SHA"
        }, 
        "0043": {
            "enc": "CAMELLIA_128_CBC", 
            "hash": "SHA", 
            "auth": "HMAC", 
            "sig": "RSA", 
            "kex": "DH", 
            "desc": "TLS_DH_RSA_WITH_CAMELLIA_128_CBC_SHA"
        }, 
        "0044": {
            "enc": "CAMELLIA_128_CBC", 
            "hash": "SHA", 
            "auth": "HMAC", 
            "sig": "DSS", 
            "kex": "DHE", 
            "desc": "TLS_DHE_DSS_WITH_CAMELLIA_128_CBC_SHA"
        }, 
        "0045": {
            "enc": "CAMELLIA_128_CBC", 
            "hash": "SHA", 
            "auth": "HMAC", 
            "sig": "RSA", 
            "kex": "DHE", 
            "desc": "TLS_DHE_RSA_WITH_CAMELLIA_128_CBC_SHA"
        }, 
        "0046": {
            "enc": "CAMELLIA_128_CBC", 
            "hash": "SHA", 
            "auth": "HMAC", 
            "sig": "anon", 
            "kex": "DH_anon", 
            "desc": "TLS_DH_anon_anon_WITH_CAMELLIA_128_CBC_SHA"
        }, 
        "c008": {
            "enc": "3DES_EDE_CBC", 
            "hash": "SHA", 
            "auth": "HMAC", 
            "sig": "ECDSA", 
            "kex": "ECDHE", 
            "desc": "TLS_ECDHE_ECDSA_WITH_3DES_EDE_CBC_SHA"
        }, 
        "c00e": {
            "enc": "AES_128_CBC", 
            "hash": "SHA", 
            "auth": "HMAC", 
            "sig": "RSA", 
            "kex": "ECDH", 
            "desc": "TLS_ECDH_RSA_WITH_AES_128_CBC_SHA"
        }, 
        "c00d": {
            "enc": "3DES_EDE_CBC", 
            "hash": "SHA", 
            "auth": "HMAC", 
            "sig": "RSA", 
            "kex": "ECDH", 
            "desc": "TLS_ECDH_RSA_WITH_3DES_EDE_CBC_SHA"
        }, 
        "0018": {
            "enc": "RC4_128", 
            "hash": "MD5", 
            "auth": "HMAC", 
            "sig": "anon", 
            "kex": "DH_anon", 
            "desc": "TLS_DH_anon_anon_WITH_RC4_128_MD5"
        }, 
        "c00f": {
            "enc": "AES_256_CBC", 
            "hash": "SHA", 
            "auth": "HMAC", 
            "sig": "RSA", 
            "kex": "ECDH", 
            "desc": "TLS_ECDH_RSA_WITH_AES_256_CBC_SHA"
        }, 
        "c00a": {
            "enc": "AES_256_CBC", 
            "hash": "SHA", 
            "auth": "HMAC", 
            "sig": "ECDSA", 
            "kex": "ECDHE", 
            "desc": "TLS_ECDHE_ECDSA_WITH_AES_256_CBC_SHA"
        }, 
        "c03b": {
            "enc": "NULL", 
            "hash": "SHA384", 
            "auth": "NULL", 
            "sig": "PSK", 
            "kex": "ECDHE", 
            "desc": "TLS_ECDHE_PSK_WITH_NULL_SHA384"
        }, 
        "c00c": {
            "enc": "RC4_128", 
            "hash": "SHA", 
            "auth": "HMAC", 
            "sig": "RSA", 
            "kex": "ECDH", 
            "desc": "TLS_ECDH_RSA_WITH_RC4_128_SHA"
        }, 
        "c00b": {
            "enc": "NULL", 
            "hash": "SHA", 
            "auth": "NULL", 
            "sig": "RSA", 
            "kex": "ECDH", 
            "desc": "TLS_ECDH_RSA_WITH_NULL_SHA"
        }, 
        "003e": {
            "enc": "AES_128_CBC", 
            "hash": "SHA256", 
            "auth": "HMAC", 
            "sig": "DSS", 
            "kex": "DH", 
            "desc": "TLS_DH_DSS_WITH_AES_128_CBC_SHA256"
        }, 
        "003d": {
            "enc": "AES_256_CBC", 
            "hash": "SHA256", 
            "auth": "HMAC", 
            "sig": "RSA-KT", 
            "kex": "RSA", 
            "desc": "TLS_RSA_RSA-KT_WITH_AES_256_CBC_SHA256"
        }, 
        "003f": {
            "enc": "AES_128_CBC", 
            "hash": "SHA256", 
            "auth": "HMAC", 
            "sig": "RSA", 
            "kex": "DH", 
            "desc": "TLS_DH_RSA_WITH_AES_128_CBC_SHA256"
        }, 
        "003a": {
            "enc": "AES_256_CBC", 
            "hash": "SHA", 
            "auth": "HMAC", 
            "sig": "anon", 
            "kex": "DH_anon", 
            "desc": "TLS_DH_anon_anon_WITH_AES_256_CBC_SHA"
        }, 
        "003c": {
            "enc": "AES_128_CBC", 
            "hash": "SHA256", 
            "auth": "HMAC", 
            "sig": "RSA-KT", 
            "kex": "RSA", 
            "desc": "TLS_RSA_RSA-KT_WITH_AES_128_CBC_SHA256"
        }, 
        "003b": {
            "enc": "NULL", 
            "hash": "SHA256", 
            "auth": "NULL", 
            "sig": "RSA-KT", 
            "kex": "RSA", 
            "desc": "TLS_RSA_RSA-KT_WITH_NULL_SHA256"
        }, 
        "0087": {
            "enc": "CAMELLIA_256_CBC", 
            "hash": "SHA", 
            "auth": "HMAC", 
            "sig": "DSS", 
            "kex": "DHE", 
            "desc": "TLS_DHE_DSS_WITH_CAMELLIA_256_CBC_SHA"
        }, 
        "c031": {
            "enc": "AES_128_GCM", 
            "hash": "SHA256", 
            "auth": "AES_128_GCM", 
            "sig": "RSA", 
            "kex": "ECDH", 
            "desc": "TLS_ECDH_RSA_WITH_AES_128_GCM_SHA256"
        }, 
        "0028": {
            "enc": "RC4_40", 
            "hash": "SHA", 
            "auth": "HMAC", 
            "sig": "KRB5", 
            "kex": "KRB5", 
            "desc": "TLS_KRB5_KRB5_WITH_RC4_40_SHA"
        }, 
        "006a": {
            "enc": "AES_256_CBC", 
            "hash": "SHA256", 
            "auth": "HMAC", 
            "sig": "DSS", 
            "kex": "DHE", 
            "desc": "TLS_DHE_DSS_WITH_AES_256_CBC_SHA256"
        }, 
        "00ff": {
            "enc": "", 
            "hash": "", 
            "auth": "", 
            "sig": "", 
            "kex": "", 
            "desc": "TLS___WITH__"
        }, 
        "c08e": {
            "enc": "CAMELLIA_128_GCM", 
            "hash": "SHA256", 
            "auth": "CAMELLIA_128_GCM", 
            "sig": "PSK", 
            "kex": "PSK", 
            "desc": "TLS_PSK_PSK_WITH_CAMELLIA_128_GCM_SHA256"
        }, 
        "c08d": {
            "enc": "CAMELLIA_256_GCM", 
            "hash": "SHA384", 
            "auth": "CAMELLIA_256_GCM", 
            "sig": "RSA", 
            "kex": "ECDH", 
            "desc": "TLS_ECDH_RSA_WITH_CAMELLIA_256_GCM_SHA384"
        }, 
        "c08f": {
            "enc": "CAMELLIA_256_GCM", 
            "hash": "SHA384", 
            "auth": "CAMELLIA_256_GCM", 
            "sig": "PSK", 
            "kex": "PSK", 
            "desc": "TLS_PSK_PSK_WITH_CAMELLIA_256_GCM_SHA384"
        }, 
        "c08a": {
            "enc": "CAMELLIA_128_GCM", 
            "hash": "SHA256", 
            "auth": "CAMELLIA_128_GCM", 
            "sig": "RSA", 
            "kex": "ECDHE", 
            "desc": "TLS_ECDHE_RSA_WITH_CAMELLIA_128_GCM_SHA256"
        }, 
        "c08c": {
            "enc": "CAMELLIA_128_GCM", 
            "hash": "SHA256", 
            "auth": "CAMELLIA_128_GCM", 
            "sig": "RSA", 
            "kex": "ECDH", 
            "desc": "TLS_ECDH_RSA_WITH_CAMELLIA_128_GCM_SHA256"
        }, 
        "c08b": {
            "enc": "CAMELLIA_256_GCM", 
            "hash": "SHA384", 
            "auth": "CAMELLIA_256_GCM", 
            "sig": "RSA", 
            "kex": "ECDHE", 
            "desc": "TLS_ECDHE_RSA_WITH_CAMELLIA_256_GCM_SHA384"
        }, 
        "c063": {
            "enc": "ARIA_256_GCM", 
            "hash": "SHA384", 
            "auth": "ARIA_256_GCM", 
            "sig": "RSA", 
            "kex": "ECDH", 
            "desc": "TLS_ECDH_RSA_WITH_ARIA_256_GCM_SHA384"
        }, 
        "c062": {
            "enc": "ARIA_128_GCM", 
            "hash": "SHA256", 
            "auth": "ARIA_128_GCM", 
            "sig": "RSA", 
            "kex": "ECDH", 
            "desc": "TLS_ECDH_RSA_WITH_ARIA_128_GCM_SHA256"
        }, 
        "c061": {
            "enc": "ARIA_256_GCM", 
            "hash": "SHA384", 
            "auth": "ARIA_256_GCM", 
            "sig": "RSA", 
            "kex": "ECDHE", 
            "desc": "TLS_ECDHE_RSA_WITH_ARIA_256_GCM_SHA384"
        }, 
        "c060": {
            "enc": "ARIA_128_GCM", 
            "hash": "SHA256", 
            "auth": "ARIA_128_GCM", 
            "sig": "RSA", 
            "kex": "ECDHE", 
            "desc": "TLS_ECDHE_RSA_WITH_ARIA_128_GCM_SHA256"
        }, 
        "c067": {
            "enc": "ARIA_256_CBC", 
            "hash": "SHA384", 
            "auth": "HMAC", 
            "sig": "PSK", 
            "kex": "DHE_PSK", 
            "desc": "TLS_DHE_PSK_PSK_WITH_ARIA_256_CBC_SHA384"
        }, 
        "c066": {
            "enc": "ARIA_128_CBC", 
            "hash": "SHA256", 
            "auth": "HMAC", 
            "sig": "PSK", 
            "kex": "DHE_PSK", 
            "desc": "TLS_DHE_PSK_PSK_WITH_ARIA_128_CBC_SHA256"
        }, 
        "c065": {
            "enc": "ARIA_256_CBC", 
            "hash": "SHA384", 
            "auth": "HMAC", 
            "sig": "PSK", 
            "kex": "PSK", 
            "desc": "TLS_PSK_PSK_WITH_ARIA_256_CBC_SHA384"
        }, 
        "c064": {
            "enc": "ARIA_128_CBC", 
            "hash": "SHA256", 
            "auth": "HMAC", 
            "sig": "PSK", 
            "kex": "PSK", 
            "desc": "TLS_PSK_PSK_WITH_ARIA_128_CBC_SHA256"
        }, 
        "c069": {
            "enc": "ARIA_256_CBC", 
            "hash": "SHA384", 
            "auth": "HMAC", 
            "sig": "PSK", 
            "kex": "RSA", 
            "desc": "TLS_RSA_PSK_WITH_ARIA_256_CBC_SHA384"
        }, 
        "c068": {
            "enc": "ARIA_128_CBC", 
            "hash": "SHA256", 
            "auth": "HMAC", 
            "sig": "PSK", 
            "kex": "RSA", 
            "desc": "TLS_RSA_PSK_WITH_ARIA_128_CBC_SHA256"
        }, 
        "002d": {
            "enc": "NULL", 
            "hash": "SHA", 
            "auth": "NULL", 
            "sig": "PSK", 
            "kex": "DHE_PSK", 
            "desc": "TLS_DHE_PSK_PSK_WITH_NULL_SHA"
        }, 
        "5600": {
            "enc": "", 
            "hash": "", 
            "auth": "", 
            "sig": "", 
            "kex": "", 
            "desc": "TLS___WITH__"
        }, 
        "c013": {
            "enc": "AES_128_CBC", 
            "hash": "SHA", 
            "auth": "HMAC", 
            "sig": "RSA", 
            "kex": "ECDHE", 
            "desc": "TLS_ECDHE_RSA_WITH_AES_128_CBC_SHA"
        }, 
        "c05f": {
            "enc": "ARIA_256_GCM", 
            "hash": "SHA384", 
            "auth": "ARIA_256_GCM", 
            "sig": "ECDSA", 
            "kex": "ECDH", 
            "desc": "TLS_ECDH_ECDSA_WITH_ARIA_256_GCM_SHA384"
        }, 
        "c0ac": {
            "enc": "AES_128_CCM", 
            "hash": "SHA", 
            "auth": "AES_128_CCM", 
            "sig": "ECDSA", 
            "kex": "ECDHE", 
            "desc": "TLS_ECDHE_ECDSA_WITH_AES_128_CCM_SHA"
        }, 
        "c05d": {
            "enc": "ARIA_256_GCM", 
            "hash": "SHA384", 
            "auth": "ARIA_256_GCM", 
            "sig": "ECDSA", 
            "kex": "ECDHE", 
            "desc": "TLS_ECDHE_ECDSA_WITH_ARIA_256_GCM_SHA384"
        }, 
        "c05e": {
            "enc": "ARIA_128_GCM", 
            "hash": "SHA256", 
            "auth": "ARIA_128_GCM", 
            "sig": "ECDSA", 
            "kex": "ECDH", 
            "desc": "TLS_ECDH_ECDSA_WITH_ARIA_128_GCM_SHA256"
        }, 
        "c05b": {
            "enc": "ARIA_256_GCM", 
            "hash": "SHA384", 
            "auth": "ARIA_256_GCM", 
            "sig": "anon", 
            "kex": "DH_anon", 
            "desc": "TLS_DH_anon_anon_WITH_ARIA_256_GCM_SHA384"
        }, 
        "c05c": {
            "enc": "ARIA_128_GCM", 
            "hash": "SHA256", 
            "auth": "ARIA_128_GCM", 
            "sig": "ECDSA", 
            "kex": "ECDHE", 
            "desc": "TLS_ECDHE_ECDSA_WITH_ARIA_128_GCM_SHA256"
        }, 
        "c0ad": {
            "enc": "AES_256_CCM", 
            "hash": "SHA", 
            "auth": "AES_256_CCM", 
            "sig": "ECDSA", 
            "kex": "ECDHE", 
            "desc": "TLS_ECDHE_ECDSA_WITH_AES_256_CCM_SHA"
        }, 
        "c05a": {
            "enc": "ARIA_128_GCM", 
            "hash": "SHA256", 
            "auth": "ARIA_128_GCM", 
            "sig": "anon", 
            "kex": "DH_anon", 
            "desc": "TLS_DH_anon_anon_WITH_ARIA_128_GCM_SHA256"
        }, 
        "00af": {
            "enc": "AES_256_CBC", 
            "hash": "SHA384", 
            "auth": "HMAC", 
            "sig": "PSK", 
            "kex": "PSK", 
            "desc": "TLS_PSK_PSK_WITH_AES_256_CBC_SHA384"
        }, 
        "00ae": {
            "enc": "AES_128_CBC", 
            "hash": "SHA256", 
            "auth": "HMAC", 
            "sig": "PSK", 
            "kex": "PSK", 
            "desc": "TLS_PSK_PSK_WITH_AES_128_CBC_SHA256"
        }, 
        "00ad": {
            "enc": "AES_256_GCM", 
            "hash": "SHA384", 
            "auth": "AES_256_GCM", 
            "sig": "PSK", 
            "kex": "RSA", 
            "desc": "TLS_RSA_PSK_WITH_AES_256_GCM_SHA384"
        }, 
        "00ac": {
            "enc": "AES_128_GCM", 
            "hash": "SHA256", 
            "auth": "AES_128_GCM", 
            "sig": "PSK", 
            "kex": "RSA", 
            "desc": "TLS_RSA_PSK_WITH_AES_128_GCM_SHA256"
        }, 
        "00ab": {
            "enc": "AES_256_GCM", 
            "hash": "SHA384", 
            "auth": "AES_256_GCM", 
            "sig": "PSK", 
            "kex": "DHE_PSK", 
            "desc": "TLS_DHE_PSK_PSK_WITH_AES_256_GCM_SHA384"
        }, 
        "00aa": {
            "enc": "AES_128_GCM", 
            "hash": "SHA256", 
            "auth": "AES_128_GCM", 
            "sig": "PSK", 
            "kex": "DHE_PSK", 
            "desc": "TLS_DHE_PSK_PSK_WITH_AES_128_GCM_SHA256"
        }, 
        "0024": {
            "enc": "RC4_128", 
            "hash": "MD5", 
            "auth": "HMAC", 
            "sig": "KRB5", 
            "kex": "KRB5", 
            "desc": "TLS_KRB5_KRB5_WITH_RC4_128_MD5"
        }, 
        "c056": {
            "enc": "ARIA_128_GCM", 
            "hash": "SHA256", 
            "auth": "ARIA_128_GCM", 
            "sig": "DSS", 
            "kex": "DHE", 
            "desc": "TLS_DHE_DSS_WITH_ARIA_128_GCM_SHA256"
        }, 
        "c057": {
            "enc": "ARIA_256_GCM", 
            "hash": "SHA384", 
            "auth": "ARIA_256_GCM", 
            "sig": "DSS", 
            "kex": "DHE", 
            "desc": "TLS_DHE_DSS_WITH_ARIA_256_GCM_SHA384"
        }, 
        "c079": {
            "enc": "CAMELLIA_256_CBC", 
            "hash": "SHA384", 
            "auth": "HMAC", 
            "sig": "RSA", 
            "kex": "ECDH", 
            "desc": "TLS_ECDH_RSA_WITH_CAMELLIA_256_CBC_SHA384"
        }, 
        "c0a0": {
            "enc": "AES_128_CCM_8", 
            "hash": "SHA", 
            "auth": "AES_128_CCM_8", 
            "sig": "RSA-KT", 
            "kex": "RSA", 
            "desc": "TLS_RSA_RSA-KT_WITH_AES_128_CCM_8_SHA"
        }, 
        "c0a8": {
            "enc": "AES_128_CCM_8", 
            "hash": "SHA", 
            "auth": "AES_128_CCM_8", 
            "sig": "PSK", 
            "kex": "PSK", 
            "desc": "TLS_PSK_PSK_WITH_AES_128_CCM_8_SHA"
        }, 
        "c0a9": {
            "enc": "AES_256_CCM_8", 
            "hash": "SHA", 
            "auth": "AES_256_CCM_8", 
            "sig": "PSK", 
            "kex": "PSK", 
            "desc": "TLS_PSK_PSK_WITH_AES_256_CCM_8_SHA"
        }, 
        "c058": {
            "enc": "ARIA_128_GCM", 
            "hash": "SHA256", 
            "auth": "ARIA_128_GCM", 
            "sig": "DSS", 
            "kex": "DH", 
            "desc": "TLS_DH_DSS_WITH_ARIA_128_GCM_SHA256"
        }, 
        "c059": {
            "enc": "ARIA_256_GCM", 
            "hash": "SHA384", 
            "auth": "ARIA_256_GCM", 
            "sig": "DSS", 
            "kex": "DH", 
            "desc": "TLS_DH_DSS_WITH_ARIA_256_GCM_SHA384"
        }, 
        "c0a2": {
            "enc": "AES_128_CCM_8", 
            "hash": "SHA", 
            "auth": "AES_128_CCM_8", 
            "sig": "RSA", 
            "kex": "DHE", 
            "desc": "TLS_DHE_RSA_WITH_AES_128_CCM_8_SHA"
        }, 
        "c0a3": {
            "enc": "AES_256_CCM_8", 
            "hash": "SHA", 
            "auth": "AES_256_CCM_8", 
            "sig": "RSA", 
            "kex": "DHE", 
            "desc": "TLS_DHE_RSA_WITH_AES_256_CCM_8_SHA"
        }, 
        "c054": {
            "enc": "ARIA_128_GCM", 
            "hash": "SHA256", 
            "auth": "ARIA_128_GCM", 
            "sig": "RSA", 
            "kex": "DH", 
            "desc": "TLS_DH_RSA_WITH_ARIA_128_GCM_SHA256"
        }, 
        "c055": {
            "enc": "ARIA_256_GCM", 
            "hash": "SHA384", 
            "auth": "ARIA_256_GCM", 
            "sig": "RSA", 
            "kex": "DH", 
            "desc": "TLS_DH_RSA_WITH_ARIA_256_GCM_SHA384"
        }, 
        "c052": {
            "enc": "ARIA_128_GCM", 
            "hash": "SHA256", 
            "auth": "ARIA_128_GCM", 
            "sig": "RSA", 
            "kex": "DHE", 
            "desc": "TLS_DHE_RSA_WITH_ARIA_128_GCM_SHA256"
        }, 
        "c0a7": {
            "enc": "AES_256_CCM", 
            "hash": "SHA", 
            "auth": "AES_256_CCM", 
            "sig": "PSK", 
            "kex": "DHE_PSK", 
            "desc": "TLS_DHE_PSK_PSK_WITH_AES_256_CCM_SHA"
        }, 
        "c0a4": {
            "enc": "AES_128_CCM", 
            "hash": "SHA", 
            "auth": "AES_128_CCM", 
            "sig": "PSK", 
            "kex": "PSK", 
            "desc": "TLS_PSK_PSK_WITH_AES_128_CCM_SHA"
        }, 
        "c053": {
            "enc": "ARIA_256_GCM", 
            "hash": "SHA384", 
            "auth": "ARIA_256_GCM", 
            "sig": "RSA", 
            "kex": "DHE", 
            "desc": "TLS_DHE_RSA_WITH_ARIA_256_GCM_SHA384"
        }, 
        "c06c": {
            "enc": "ARIA_128_GCM", 
            "hash": "SHA256", 
            "auth": "ARIA_128_GCM", 
            "sig": "PSK", 
            "kex": "DHE_PSK", 
            "desc": "TLS_DHE_PSK_PSK_WITH_ARIA_128_GCM_SHA256"
        }, 
        "c06b": {
            "enc": "ARIA_256_GCM", 
            "hash": "SHA384", 
            "auth": "ARIA_256_GCM", 
            "sig": "PSK", 
            "kex": "PSK", 
            "desc": "TLS_PSK_PSK_WITH_ARIA_256_GCM_SHA384"
        }, 
        "c06a": {
            "enc": "ARIA_128_GCM", 
            "hash": "SHA256", 
            "auth": "ARIA_128_GCM", 
            "sig": "PSK", 
            "kex": "PSK", 
            "desc": "TLS_PSK_PSK_WITH_ARIA_128_GCM_SHA256"
        }, 
        "c050": {
            "enc": "ARIA_128_GCM", 
            "hash": "SHA256", 
            "auth": "ARIA_128_GCM", 
            "sig": "RSA-KT", 
            "kex": "RSA", 
            "desc": "TLS_RSA_RSA-KT_WITH_ARIA_128_GCM_SHA256"
        }, 
        "c06e": {
            "enc": "ARIA_128_GCM", 
            "hash": "SHA256", 
            "auth": "ARIA_128_GCM", 
            "sig": "PSK", 
            "kex": "RSA", 
            "desc": "TLS_RSA_PSK_WITH_ARIA_128_GCM_SHA256"
        }, 
        "c06d": {
            "enc": "ARIA_256_GCM", 
            "hash": "SHA384", 
            "auth": "ARIA_256_GCM", 
            "sig": "PSK", 
            "kex": "DHE_PSK", 
            "desc": "TLS_DHE_PSK_PSK_WITH_ARIA_256_GCM_SHA384"
        }, 
        "c051": {
            "enc": "ARIA_256_GCM", 
            "hash": "SHA384", 
            "auth": "ARIA_256_GCM", 
            "sig": "RSA-KT", 
            "kex": "RSA", 
            "desc": "TLS_RSA_RSA-KT_WITH_ARIA_256_GCM_SHA384"
        }, 
        "008f": {
            "enc": "3DES_EDE_CBC", 
            "hash": "SHA", 
            "auth": "HMAC", 
            "sig": "PSK", 
            "kex": "DHE_PSK", 
            "desc": "TLS_DHE_PSK_PSK_WITH_3DES_EDE_CBC_SHA"
        }, 
        "0094": {
            "enc": "AES_128_CBC", 
            "hash": "SHA", 
            "auth": "HMAC", 
            "sig": "PSK", 
            "kex": "RSA", 
            "desc": "TLS_RSA_PSK_WITH_AES_128_CBC_SHA"
        }, 
        "0027": {
            "enc": "RC2_CBC_40", 
            "hash": "SHA", 
            "auth": "HMAC", 
            "sig": "KRB5", 
            "kex": "KRB5", 
            "desc": "TLS_KRB5_KRB5_WITH_RC2_CBC_40_SHA"
        }, 
        "001e": {
            "enc": "DES_CBC", 
            "hash": "SHA", 
            "auth": "HMAC", 
            "sig": "KRB5", 
            "kex": "KRB5", 
            "desc": "TLS_KRB5_KRB5_WITH_DES_CBC_SHA"
        }, 
        "00a7": {
            "enc": "AES_256_GCM", 
            "hash": "SHA384", 
            "auth": "AES_256_GCM", 
            "sig": "anon", 
            "kex": "DH_anon", 
            "desc": "TLS_DH_anon_anon_WITH_AES_256_GCM_SHA384"
        }, 
        "00a6": {
            "enc": "AES_128_GCM", 
            "hash": "SHA256", 
            "auth": "AES_128_GCM", 
            "sig": "anon", 
            "kex": "DH_anon", 
            "desc": "TLS_DH_anon_anon_WITH_AES_128_GCM_SHA256"
        }, 
        "00a5": {
            "enc": "AES_256_GCM", 
            "hash": "SHA384", 
            "auth": "AES_256_GCM", 
            "sig": "DSS", 
            "kex": "DH", 
            "desc": "TLS_DH_DSS_WITH_AES_256_GCM_SHA384"
        }, 
        "00a4": {
            "enc": "AES_128_GCM", 
            "hash": "SHA256", 
            "auth": "AES_128_GCM", 
            "sig": "DSS", 
            "kex": "DH", 
            "desc": "TLS_DH_DSS_WITH_AES_128_GCM_SHA256"
        }, 
        "00a3": {
            "enc": "AES_256_GCM", 
            "hash": "SHA384", 
            "auth": "AES_256_GCM", 
            "sig": "DSS", 
            "kex": "DHE", 
            "desc": "TLS_DHE_DSS_WITH_AES_256_GCM_SHA384"
        }, 
        "00a2": {
            "enc": "AES_128_GCM", 
            "hash": "SHA256", 
            "auth": "AES_128_GCM", 
            "sig": "DSS", 
            "kex": "DHE", 
            "desc": "TLS_DHE_DSS_WITH_AES_128_GCM_SHA256"
        }, 
        "00a1": {
            "enc": "AES_256_GCM", 
            "hash": "SHA384", 
            "auth": "AES_256_GCM", 
            "sig": "RSA", 
            "kex": "DH", 
            "desc": "TLS_DH_RSA_WITH_AES_256_GCM_SHA384"
        }, 
        "00a0": {
            "enc": "AES_128_GCM", 
            "hash": "SHA256", 
            "auth": "AES_128_GCM", 
            "sig": "RSA", 
            "kex": "DH", 
            "desc": "TLS_DH_RSA_WITH_AES_128_GCM_SHA256"
        }, 
        "00a9": {
            "enc": "AES_256_GCM", 
            "hash": "SHA384", 
            "auth": "AES_256_GCM", 
            "sig": "PSK", 
            "kex": "PSK", 
            "desc": "TLS_PSK_PSK_WITH_AES_256_GCM_SHA384"
        }, 
        "c06f": {
            "enc": "ARIA_256_GCM", 
            "hash": "SHA384", 
            "auth": "ARIA_256_GCM", 
            "sig": "PSK", 
            "kex": "RSA", 
            "desc": "TLS_RSA_PSK_WITH_ARIA_256_GCM_SHA384"
        }, 
        "c049": {
            "enc": "ARIA_256_CBC", 
            "hash": "SHA384", 
            "auth": "HMAC", 
            "sig": "ECDSA", 
            "kex": "ECDHE", 
            "desc": "TLS_ECDHE_ECDSA_WITH_ARIA_256_CBC_SHA384"
        }, 
        "c048": {
            "enc": "ARIA_128_CBC", 
            "hash": "SHA256", 
            "auth": "HMAC", 
            "sig": "ECDSA", 
            "kex": "ECDHE", 
            "desc": "TLS_ECDHE_ECDSA_WITH_ARIA_128_CBC_SHA256"
        }, 
        "0016": {
            "enc": "3DES_EDE_CBC", 
            "hash": "SHA", 
            "auth": "HMAC", 
            "sig": "RSA", 
            "kex": "DHE", 
            "desc": "TLS_DHE_RSA_WITH_3DES_EDE_CBC_SHA"
        }, 
        "c041": {
            "enc": "ARIA_256_CBC", 
            "hash": "SHA384", 
            "auth": "HMAC", 
            "sig": "RSA", 
            "kex": "DH", 
            "desc": "TLS_DH_RSA_WITH_ARIA_256_CBC_SHA384"
        }, 
        "c040": {
            "enc": "ARIA_128_CBC", 
            "hash": "SHA256", 
            "auth": "HMAC", 
            "sig": "RSA", 
            "kex": "DH", 
            "desc": "TLS_DH_RSA_WITH_ARIA_128_CBC_SHA256"
        }, 
        "c043": {
            "enc": "ARIA_256_CBC", 
            "hash": "SHA384", 
            "auth": "HMAC", 
            "sig": "DSS", 
            "kex": "DHE", 
            "desc": "TLS_DHE_DSS_WITH_ARIA_256_CBC_SHA384"
        }, 
        "c042": {
            "enc": "ARIA_128_CBC", 
            "hash": "SHA256", 
            "auth": "HMAC", 
            "sig": "DSS", 
            "kex": "DHE", 
            "desc": "TLS_DHE_DSS_WITH_ARIA_128_CBC_SHA256"
        }, 
        "c045": {
            "enc": "ARIA_256_CBC", 
            "hash": "SHA384", 
            "auth": "HMAC", 
            "sig": "RSA", 
            "kex": "DHE", 
            "desc": "TLS_DHE_RSA_WITH_ARIA_256_CBC_SHA384"
        }, 
        "c03a": {
            "enc": "NULL", 
            "hash": "SHA256", 
            "auth": "NULL", 
            "sig": "PSK", 
            "kex": "ECDHE", 
            "desc": "TLS_ECDHE_PSK_WITH_NULL_SHA256"
        }, 
        "c047": {
            "enc": "ARIA_256_CBC", 
            "hash": "SHA384", 
            "auth": "HMAC", 
            "sig": "anon", 
            "kex": "DH_anon", 
            "desc": "TLS_DH_anon_anon_WITH_ARIA_256_CBC_SHA384"
        }, 
        "c03c": {
            "enc": "ARIA_128_CBC", 
            "hash": "SHA256", 
            "auth": "HMAC", 
            "sig": "RSA-KT", 
            "kex": "RSA", 
            "desc": "TLS_RSA_RSA-KT_WITH_ARIA_128_CBC_SHA256"
        }, 
        "000d": {
            "enc": "3DES_EDE_CBC", 
            "hash": "SHA", 
            "auth": "HMAC", 
            "sig": "DSS", 
            "kex": "DH", 
            "desc": "TLS_DH_DSS_WITH_3DES_EDE_CBC_SHA"
        }, 
        "000e": {
            "enc": "DES40_CBC", 
            "hash": "SHA", 
            "auth": "HMAC", 
            "sig": "RSA", 
            "kex": "DH", 
            "desc": "TLS_DH_RSA_WITH_DES40_CBC_SHA"
        }, 
        "000f": {
            "enc": "DES_CBC", 
            "hash": "SHA", 
            "auth": "HMAC", 
            "sig": "RSA", 
            "kex": "DH", 
            "desc": "TLS_DH_RSA_WITH_DES_CBC_SHA"
        }, 
        "000a": {
            "enc": "3DES_EDE_CBC", 
            "hash": "SHA", 
            "auth": "HMAC", 
            "sig": "RSA-KT", 
            "kex": "RSA", 
            "desc": "TLS_RSA_RSA-KT_WITH_3DES_EDE_CBC_SHA"
        }, 
        "000b": {
            "enc": "DES40_CBC", 
            "hash": "SHA", 
            "auth": "HMAC", 
            "sig": "DSS", 
            "kex": "DH", 
            "desc": "TLS_DH_DSS_WITH_DES40_CBC_SHA"
        }, 
        "000c": {
            "enc": "DES_CBC", 
            "hash": "SHA", 
            "auth": "HMAC", 
            "sig": "DSS", 
            "kex": "DH", 
            "desc": "TLS_DH_DSS_WITH_DES_CBC_SHA"
        }, 
        "0022": {
            "enc": "DES_CBC", 
            "hash": "MD5", 
            "auth": "HMAC", 
            "sig": "KRB5", 
            "kex": "KRB5", 
            "desc": "TLS_KRB5_KRB5_WITH_DES_CBC_MD5"
        }, 
        "c010": {
            "enc": "NULL", 
            "hash": "SHA", 
            "auth": "NULL", 
            "sig": "RSA", 
            "kex": "ECDHE", 
            "desc": "TLS_ECDHE_RSA_WITH_NULL_SHA"
        }, 
        "c009": {
            "enc": "AES_128_CBC", 
            "hash": "SHA", 
            "auth": "HMAC", 
            "sig": "ECDSA", 
            "kex": "ECDHE", 
            "desc": "TLS_ECDHE_ECDSA_WITH_AES_128_CBC_SHA"
        }, 
        "002e": {
            "enc": "NULL", 
            "hash": "SHA", 
            "auth": "NULL", 
            "sig": "PSK", 
            "kex": "RSA", 
            "desc": "TLS_RSA_PSK_WITH_NULL_SHA"
        }, 
        "c044": {
            "enc": "ARIA_128_CBC", 
            "hash": "SHA256", 
            "auth": "HMAC", 
            "sig": "RSA", 
            "kex": "DHE", 
            "desc": "TLS_DHE_RSA_WITH_ARIA_128_CBC_SHA256"
        }, 
        "0067": {
            "enc": "AES_128_CBC", 
            "hash": "SHA256", 
            "auth": "HMAC", 
            "sig": "RSA", 
            "kex": "DHE", 
            "desc": "TLS_DHE_RSA_WITH_AES_128_CBC_SHA256"
        }, 
        "c016": {
            "enc": "RC4_128", 
            "hash": "SHA", 
            "auth": "HMAC", 
            "sig": "anon", 
            "kex": "ECDH_anon", 
            "desc": "TLS_ECDH_anon_anon_WITH_RC4_128_SHA"
        }, 
        "c017": {
            "enc": "3DES_EDE_CBC", 
            "hash": "SHA", 
            "auth": "HMAC", 
            "sig": "anon", 
            "kex": "ECDH_anon", 
            "desc": "TLS_ECDH_anon_anon_WITH_3DES_EDE_CBC_SHA"
        }, 
        "00b2": {
            "enc": "AES_128_CBC", 
            "hash": "SHA256", 
            "auth": "HMAC", 
            "sig": "PSK", 
            "kex": "DHE_PSK", 
            "desc": "TLS_DHE_PSK_PSK_WITH_AES_128_CBC_SHA256"
        }, 
        "00b3": {
            "enc": "AES_256_CBC", 
            "hash": "SHA384", 
            "auth": "HMAC", 
            "sig": "PSK", 
            "kex": "DHE_PSK", 
            "desc": "TLS_DHE_PSK_PSK_WITH_AES_256_CBC_SHA384"
        }, 
        "00b0": {
            "enc": "NULL", 
            "hash": "SHA256", 
            "auth": "NULL", 
            "sig": "PSK", 
            "kex": "PSK", 
            "desc": "TLS_PSK_PSK_WITH_NULL_SHA256"
        }, 
        "00b1": {
            "enc": "NULL", 
            "hash": "SHA384", 
            "auth": "NULL", 
            "sig": "PSK", 
            "kex": "PSK", 
            "desc": "TLS_PSK_PSK_WITH_NULL_SHA384"
        }, 
        "00b6": {
            "enc": "AES_128_CBC", 
            "hash": "SHA256", 
            "auth": "HMAC", 
            "sig": "PSK", 
            "kex": "RSA", 
            "desc": "TLS_RSA_PSK_WITH_AES_128_CBC_SHA256"
        }, 
        "00b7": {
            "enc": "AES_256_CBC", 
            "hash": "SHA384", 
            "auth": "HMAC", 
            "sig": "PSK", 
            "kex": "RSA", 
            "desc": "TLS_RSA_PSK_WITH_AES_256_CBC_SHA384"
        }, 
        "00b4": {
            "enc": "NULL", 
            "hash": "SHA256", 
            "auth": "NULL", 
            "sig": "PSK", 
            "kex": "DHE_PSK", 
            "desc": "TLS_DHE_PSK_PSK_WITH_NULL_SHA256"
        }, 
        "00b5": {
            "enc": "NULL", 
            "hash": "SHA384", 
            "auth": "NULL", 
            "sig": "PSK", 
            "kex": "DHE_PSK", 
            "desc": "TLS_DHE_PSK_PSK_WITH_NULL_SHA384"
        }, 
        "00b8": {
            "enc": "NULL", 
            "hash": "SHA256", 
            "auth": "NULL", 
            "sig": "PSK", 
            "kex": "RSA", 
            "desc": "TLS_RSA_PSK_WITH_NULL_SHA256"
        }, 
        "00b9": {
            "enc": "NULL", 
            "hash": "SHA384", 
            "auth": "NULL", 
            "sig": "PSK", 
            "kex": "RSA", 
            "desc": "TLS_RSA_PSK_WITH_NULL_SHA384"
        }, 
        "0068": {
            "enc": "AES_256_CBC", 
            "hash": "SHA256", 
            "auth": "HMAC", 
            "sig": "DSS", 
            "kex": "DH", 
            "desc": "TLS_DH_DSS_WITH_AES_256_CBC_SHA256"
        }, 
        "0069": {
            "enc": "AES_256_CBC", 
            "hash": "SHA256", 
            "auth": "HMAC", 
            "sig": "RSA", 
            "kex": "DH", 
            "desc": "TLS_DH_RSA_WITH_AES_256_CBC_SHA256"
        }, 
        "0004": {
            "enc": "RC4_128", 
            "hash": "MD5", 
            "auth": "HMAC", 
            "sig": "RSA-KT", 
            "kex": "RSA", 
            "desc": "TLS_RSA_RSA-KT_WITH_RC4_128_MD5"
        }, 
        "0005": {
            "enc": "RC4_128", 
            "hash": "SHA", 
            "auth": "HMAC", 
            "sig": "RSA-KT", 
            "kex": "RSA", 
            "desc": "TLS_RSA_RSA-KT_WITH_RC4_128_SHA"
        }, 
        "0006": {
            "enc": "RC2_CBC_40", 
            "hash": "MD5", 
            "auth": "HMAC", 
            "sig": "RSA-KT", 
            "kex": "RSA", 
            "desc": "TLS_RSA_RSA-KT_WITH_RC2_CBC_40_MD5"
        }, 
        "0007": {
            "enc": "IDEA_CBC", 
            "hash": "SHA", 
            "auth": "HMAC", 
            "sig": "RSA-KT", 
            "kex": "RSA", 
            "desc": "TLS_RSA_RSA-KT_WITH_IDEA_CBC_SHA"
        }, 
        "0000": {
            "enc": "NULL", 
            "hash": "NULL", 
            "auth": "NULL", 
            "sig": "NULL", 
            "kex": "NULL", 
            "desc": "TLS_NULL_NULL_WITH_NULL_NULL"
        }, 
        "0001": {
            "enc": "NULL", 
            "hash": "MD5", 
            "auth": "NULL", 
            "sig": "RSA-KT", 
            "kex": "RSA", 
            "desc": "TLS_RSA_RSA-KT_WITH_NULL_MD5"
        }, 
        "0002": {
            "enc": "NULL", 
            "hash": "SHA", 
            "auth": "NULL", 
            "sig": "RSA-KT", 
            "kex": "RSA", 
            "desc": "TLS_RSA_RSA-KT_WITH_NULL_SHA"
        }, 
        "0003": {
            "enc": "RC4_40", 
            "hash": "MD5", 
            "auth": "HMAC", 
            "sig": "RSA-KT", 
            "kex": "RSA", 
            "desc": "TLS_RSA_RSA-KT_WITH_RC4_40_MD5"
        }, 
        "0008": {
            "enc": "DES40_CBC", 
            "hash": "SHA", 
            "auth": "HMAC", 
            "sig": "RSA-KT", 
            "kex": "RSA", 
            "desc": "TLS_RSA_RSA-KT_WITH_DES40_CBC_SHA"
        }, 
        "0009": {
            "enc": "DES_CBC", 
            "hash": "SHA", 
            "auth": "HMAC", 
            "sig": "RSA-KT", 
            "kex": "RSA", 
            "desc": "TLS_RSA_RSA-KT_WITH_DES_CBC_SHA"
        }, 
        "c011": {
            "enc": "RC4_128", 
            "hash": "SHA", 
            "auth": "HMAC", 
            "sig": "RSA", 
            "kex": "ECDHE", 
            "desc": "TLS_ECDHE_RSA_WITH_RC4_128_SHA"
        }, 
        "c038": {
            "enc": "AES_256_CBC", 
            "hash": "SHA384", 
            "auth": "HMAC", 
            "sig": "PSK", 
            "kex": "ECDHE", 
            "desc": "TLS_ECDHE_PSK_WITH_AES_256_CBC_SHA384"
        }, 
        "c039": {
            "enc": "NULL", 
            "hash": "SHA", 
            "auth": "NULL", 
            "sig": "PSK", 
            "kex": "ECDHE", 
            "desc": "TLS_ECDHE_PSK_WITH_NULL_SHA"
        }, 
        "c04a": {
            "enc": "ARIA_128_CBC", 
            "hash": "SHA256", 
            "auth": "HMAC", 
            "sig": "ECDSA", 
            "kex": "ECDH", 
            "desc": "TLS_ECDH_ECDSA_WITH_ARIA_128_CBC_SHA256"
        }, 
        "c035": {
            "enc": "AES_128_CBC", 
            "hash": "SHA", 
            "auth": "HMAC", 
            "sig": "PSK", 
            "kex": "ECDHE", 
            "desc": "TLS_ECDHE_PSK_WITH_AES_128_CBC_SHA"
        }, 
        "c04c": {
            "enc": "ARIA_128_CBC", 
            "hash": "SHA256", 
            "auth": "HMAC", 
            "sig": "RSA", 
            "kex": "ECDHE", 
            "desc": "TLS_ECDHE_RSA_WITH_ARIA_128_CBC_SHA256"
        }, 
        "c037": {
            "enc": "AES_128_CBC", 
            "hash": "SHA256", 
            "auth": "HMAC", 
            "sig": "PSK", 
            "kex": "ECDHE", 
            "desc": "TLS_ECDHE_PSK_WITH_AES_128_CBC_SHA256"
        }, 
        "c04e": {
            "enc": "ARIA_128_CBC", 
            "hash": "SHA256", 
            "auth": "HMAC", 
            "sig": "RSA", 
            "kex": "ECDH", 
            "desc": "TLS_ECDH_RSA_WITH_ARIA_128_CBC_SHA256"
        }, 
        "c04d": {
            "enc": "ARIA_256_CBC", 
            "hash": "SHA384", 
            "auth": "HMAC", 
            "sig": "RSA", 
            "kex": "ECDHE", 
            "desc": "TLS_ECDHE_RSA_WITH_ARIA_256_CBC_SHA384"
        }, 
        "c032": {
            "enc": "AES_256_GCM", 
            "hash": "SHA384", 
            "auth": "AES_256_GCM", 
            "sig": "RSA", 
            "kex": "ECDH", 
            "desc": "TLS_ECDH_RSA_WITH_AES_256_GCM_SHA384"
        }, 
        "c04f": {
            "enc": "ARIA_256_CBC", 
            "hash": "SHA384", 
            "auth": "HMAC", 
            "sig": "RSA", 
            "kex": "ECDH", 
            "desc": "TLS_ECDH_RSA_WITH_ARIA_256_CBC_SHA384"
        }, 
        "00bb": {
            "enc": "CAMELLIA_128_CBC", 
            "hash": "SHA256", 
            "auth": "HMAC", 
            "sig": "DSS", 
            "kex": "DH", 
            "desc": "TLS_DH_DSS_WITH_CAMELLIA_128_CBC_SHA256"
        }, 
        "00bc": {
            "enc": "CAMELLIA_128_CBC", 
            "hash": "SHA256", 
            "auth": "HMAC", 
            "sig": "RSA", 
            "kex": "DH", 
            "desc": "TLS_DH_RSA_WITH_CAMELLIA_128_CBC_SHA256"
        }, 
        "006d": {
            "enc": "AES_256_CBC", 
            "hash": "SHA256", 
            "auth": "HMAC", 
            "sig": "anon", 
            "kex": "DH_anon", 
            "desc": "TLS_DH_anon_anon_WITH_AES_256_CBC_SHA256"
        }, 
        "00ba": {
            "enc": "CAMELLIA_128_CBC", 
            "hash": "SHA256", 
            "auth": "HMAC", 
            "sig": "RSA-KT", 
            "kex": "RSA", 
            "desc": "TLS_RSA_RSA-KT_WITH_CAMELLIA_128_CBC_SHA256"
        }, 
        "00bf": {
            "enc": "CAMELLIA_128_CBC", 
            "hash": "SHA256", 
            "auth": "HMAC", 
            "sig": "anon", 
            "kex": "DH_anon", 
            "desc": "TLS_DH_anon_anon_WITH_CAMELLIA_128_CBC_SHA256"
        }, 
        "006c": {
            "enc": "AES_128_CBC", 
            "hash": "SHA256", 
            "auth": "HMAC", 
            "sig": "anon", 
            "kex": "DH_anon", 
            "desc": "TLS_DH_anon_anon_WITH_AES_128_CBC_SHA256"
        }, 
        "00bd": {
            "enc": "CAMELLIA_128_CBC", 
            "hash": "SHA256", 
            "auth": "HMAC", 
            "sig": "DSS", 
            "kex": "DHE", 
            "desc": "TLS_DHE_DSS_WITH_CAMELLIA_128_CBC_SHA256"
        }, 
        "00be": {
            "enc": "CAMELLIA_128_CBC", 
            "hash": "SHA256", 
            "auth": "HMAC", 
            "sig": "RSA", 
            "kex": "DHE", 
            "desc": "TLS_DHE_RSA_WITH_CAMELLIA_128_CBC_SHA256"
        }, 
        "00c5": {
            "enc": "CAMELLIA_256_CBC", 
            "hash": "SHA256", 
            "auth": "HMAC", 
            "sig": "anon", 
            "kex": "DH_anon", 
            "desc": "TLS_DH_anon_anon_WITH_CAMELLIA_256_CBC_SHA256"
        }, 
        "00c4": {
            "enc": "CAMELLIA_256_CBC", 
            "hash": "SHA256", 
            "auth": "HMAC", 
            "sig": "RSA", 
            "kex": "DHE", 
            "desc": "TLS_DHE_RSA_WITH_CAMELLIA_256_CBC_SHA256"
        }, 
        "00c1": {
            "enc": "CAMELLIA_256_CBC", 
            "hash": "SHA256", 
            "auth": "HMAC", 
            "sig": "DSS", 
            "kex": "DH", 
            "desc": "TLS_DH_DSS_WITH_CAMELLIA_256_CBC_SHA256"
        }, 
        "00c0": {
            "enc": "CAMELLIA_256_CBC", 
            "hash": "SHA256", 
            "auth": "HMAC", 
            "sig": "RSA-KT", 
            "kex": "RSA", 
            "desc": "TLS_RSA_RSA-KT_WITH_CAMELLIA_256_CBC_SHA256"
        }, 
        "00c3": {
            "enc": "CAMELLIA_256_CBC", 
            "hash": "SHA256", 
            "auth": "HMAC", 
            "sig": "DSS", 
            "kex": "DHE", 
            "desc": "TLS_DHE_DSS_WITH_CAMELLIA_256_CBC_SHA256"
        }, 
        "00c2": {
            "enc": "CAMELLIA_256_CBC", 
            "hash": "SHA256", 
            "auth": "HMAC", 
            "sig": "RSA", 
            "kex": "DH", 
            "desc": "TLS_DH_RSA_WITH_CAMELLIA_256_CBC_SHA256"
        }, 
        "cca9": {
            "enc": "CHACHA20_POLY1305", 
            "hash": "SHA256", 
            "auth": "CHACHA20_POLY1305", 
            "sig": "ECDSA", 
            "kex": "ECDHE", 
            "desc": "TLS_ECDHE_ECDSA_WITH_CHACHA20_POLY1305_SHA256"
        }, 
        "cca8": {
            "enc": "CHACHA20_POLY1305", 
            "hash": "SHA256", 
            "auth": "CHACHA20_POLY1305", 
            "sig": "RSA", 
            "kex": "ECDHE", 
            "desc": "TLS_ECDHE_RSA_WITH_CHACHA20_POLY1305_SHA256"
        }, 
        "0015": {
            "enc": "DES_CBC", 
            "hash": "SHA", 
            "auth": "HMAC", 
            "sig": "RSA", 
            "kex": "DHE", 
            "desc": "TLS_DHE_RSA_WITH_DES_CBC_SHA"
        }, 
        "0014": {
            "enc": "DES40_CBC", 
            "hash": "SHA", 
            "auth": "HMAC", 
            "sig": "RSA", 
            "kex": "DHE", 
            "desc": "TLS_DHE_RSA_WITH_DES40_CBC_SHA"
        }, 
        "0013": {
            "enc": "3DES_EDE_CBC", 
            "hash": "SHA", 
            "auth": "HMAC", 
            "sig": "DSS", 
            "kex": "DHE", 
            "desc": "TLS_DHE_DSS_WITH_3DES_EDE_CBC_SHA"
        }, 
        "0012": {
            "enc": "DES_CBC", 
            "hash": "SHA", 
            "auth": "HMAC", 
            "sig": "DSS", 
            "kex": "DHE", 
            "desc": "TLS_DHE_DSS_WITH_DES_CBC_SHA"
        }, 
        "0011": {
            "enc": "DES40_CBC", 
            "hash": "SHA", 
            "auth": "HMAC", 
            "sig": "DSS", 
            "kex": "DHE", 
            "desc": "TLS_DHE_DSS_WITH_DES40_CBC_SHA"
        }, 
        "0010": {
            "enc": "3DES_EDE_CBC", 
            "hash": "SHA", 
            "auth": "HMAC", 
            "sig": "RSA", 
            "kex": "DH", 
            "desc": "TLS_DH_RSA_WITH_3DES_EDE_CBC_SHA"
        }, 
        "0017": {
            "enc": "RC4_40", 
            "hash": "MD5", 
            "auth": "HMAC", 
            "sig": "anon", 
            "kex": "DH_anon", 
            "desc": "TLS_DH_anon_anon_WITH_RC4_40_MD5"
        }, 
        "c01c": {
            "enc": "3DES_EDE_CBC", 
            "hash": "SHA", 
            "auth": "HMAC", 
            "sig": "SRP_SHA_RSA", 
            "kex": "SRP_SHA_RSA", 
            "desc": "TLS_SRP_SHA_RSA_SRP_SHA_RSA_WITH_3DES_EDE_CBC_SHA"
        }, 
        "c01a": {
            "enc": "3DES_EDE_CBC", 
            "hash": "SHA", 
            "auth": "HMAC", 
            "sig": "SRP_SHA", 
            "kex": "SRP_SHA", 
            "desc": "TLS_SRP_SHA_SRP_SHA_WITH_3DES_EDE_CBC_SHA"
        }, 
        "c01f": {
            "enc": "AES_128_CBC", 
            "hash": "SHA", 
            "auth": "HMAC", 
            "sig": "SRP_SHA_RSA", 
            "kex": "SRP_SHA_RSA", 
            "desc": "TLS_SRP_SHA_RSA_SRP_SHA_RSA_WITH_AES_128_CBC_SHA"
        }, 
        "c01d": {
            "enc": "AES_128_CBC", 
            "hash": "SHA", 
            "auth": "HMAC", 
            "sig": "SRP_SHA", 
            "kex": "SRP_SHA", 
            "desc": "TLS_SRP_SHA_SRP_SHA_WITH_AES_128_CBC_SHA"
        }, 
        "c01e": {
            "enc": "AES_128_CBC", 
            "hash": "SHA", 
            "auth": "HMAC", 
            "sig": "SRP_SHA_RSA", 
            "kex": "SRP_SHA_RSA", 
            "desc": "TLS_SRP_SHA_RSA_SRP_SHA_RSA_WITH_AES_128_CBC_SHA"
        }, 
        "002b": {
            "enc": "RC4_40", 
            "hash": "MD5", 
            "auth": "HMAC", 
            "sig": "KRB5", 
            "kex": "KRB5", 
            "desc": "TLS_KRB5_KRB5_WITH_RC4_40_MD5"
        }, 
        "c0ab": {
            "enc": "AES_256_CCM_8", 
            "hash": "SHA", 
            "auth": "AES_256_CCM_8", 
            "sig": "PSK", 
            "kex": "DHE", 
            "desc": "TLS_DHE_PSK_WITH_AES_256_CCM_8_SHA"
        }, 
        "c01b": {
            "enc": "3DES_EDE_CBC", 
            "hash": "SHA", 
            "auth": "HMAC", 
            "sig": "SRP_SHA_RSA", 
            "kex": "SRP_SHA_RSA", 
            "desc": "TLS_SRP_SHA_RSA_SRP_SHA_RSA_WITH_3DES_EDE_CBC_SHA"
        }, 
        "002a": {
            "enc": "RC2_CBC_40", 
            "hash": "MD5", 
            "auth": "HMAC", 
            "sig": "KRB5", 
            "kex": "KRB5", 
            "desc": "TLS_KRB5_KRB5_WITH_RC2_CBC_40_MD5"
        }, 
        "002f": {
            "enc": "AES_128_CBC", 
            "hash": "SHA", 
            "auth": "HMAC", 
            "sig": "RSA-KT", 
            "kex": "RSA", 
            "desc": "TLS_RSA_RSA-KT_WITH_AES_128_CBC_SHA"
        }, 
        "c029": {
            "enc": "AES_128_CBC", 
            "hash": "SHA256", 
            "auth": "HMAC", 
            "sig": "RSA", 
            "kex": "ECDH", 
            "desc": "TLS_ECDH_RSA_WITH_AES_128_CBC_SHA256"
        }, 
        "c028": {
            "enc": "AES_256_CBC", 
            "hash": "SHA384", 
            "auth": "HMAC", 
            "sig": "RSA", 
            "kex": "ECDHE", 
            "desc": "TLS_ECDHE_RSA_WITH_AES_256_CBC_SHA384"
        }, 
        "c027": {
            "enc": "AES_128_CBC", 
            "hash": "SHA256", 
            "auth": "HMAC", 
            "sig": "RSA", 
            "kex": "ECDHE", 
            "desc": "TLS_ECDHE_RSA_WITH_AES_128_CBC_SHA256"
        }, 
        "c026": {
            "enc": "AES_256_CBC", 
            "hash": "SHA384", 
            "auth": "HMAC", 
            "sig": "ECDSA", 
            "kex": "ECDH", 
            "desc": "TLS_ECDH_ECDSA_WITH_AES_256_CBC_SHA384"
        }, 
        "c025": {
            "enc": "AES_128_CBC", 
            "hash": "SHA256", 
            "auth": "HMAC", 
            "sig": "ECDSA", 
            "kex": "ECDH", 
            "desc": "TLS_ECDH_ECDSA_WITH_AES_128_CBC_SHA256"
        }, 
        "c024": {
            "enc": "AES_256_CBC", 
            "hash": "SHA384", 
            "auth": "HMAC", 
            "sig": "ECDSA", 
            "kex": "ECDHE", 
            "desc": "TLS_ECDHE_ECDSA_WITH_AES_256_CBC_SHA384"
        }, 
        "c023": {
            "enc": "AES_128_CBC", 
            "hash": "SHA256", 
            "auth": "HMAC", 
            "sig": "ECDSA", 
            "kex": "ECDHE", 
            "desc": "TLS_ECDHE_ECDSA_WITH_AES_128_CBC_SHA256"
        }, 
        "c022": {
            "enc": "AES_256_CBC", 
            "hash": "SHA", 
            "auth": "HMAC", 
            "sig": "SRP_SHA_RSA", 
            "kex": "SRP_SHA_RSA", 
            "desc": "TLS_SRP_SHA_RSA_SRP_SHA_RSA_WITH_AES_256_CBC_SHA"
        }, 
        "c021": {
            "enc": "AES_256_CBC", 
            "hash": "SHA", 
            "auth": "HMAC", 
            "sig": "SRP_SHA_RSA", 
            "kex": "SRP_SHA_RSA", 
            "desc": "TLS_SRP_SHA_RSA_SRP_SHA_RSA_WITH_AES_256_CBC_SHA"
        }, 
        "002c": {
            "enc": "NULL", 
            "hash": "SHA", 
            "auth": "NULL", 
            "sig": "PSK", 
            "kex": "PSK", 
            "desc": "TLS_PSK_PSK_WITH_NULL_SHA"
        }, 
        "c0aa": {
            "enc": "AES_128_CCM_8", 
            "hash": "SHA", 
            "auth": "AES_128_CCM_8", 
            "sig": "PSK", 
            "kex": "DHE", 
            "desc": "TLS_DHE_PSK_WITH_AES_128_CCM_8_SHA"
        }, 
        "0029": {
            "enc": "DES40_CBC", 
            "hash": "MD5", 
            "auth": "HMAC", 
            "sig": "KRB5", 
            "kex": "KRB5", 
            "desc": "TLS_KRB5_KRB5_WITH_DES40_CBC_MD5"
        }, 
        "c0af": {
            "enc": "AES_256_CCM_8", 
            "hash": "SHA", 
            "auth": "AES_256_CCM_8", 
            "sig": "ECDSA", 
            "kex": "ECDHE", 
            "desc": "TLS_ECDHE_ECDSA_WITH_AES_256_CCM_8_SHA"
        }, 
        "009e": {
            "enc": "AES_128_GCM", 
            "hash": "SHA256", 
            "auth": "AES_128_GCM", 
            "sig": "RSA", 
            "kex": "DHE", 
            "desc": "TLS_DHE_RSA_WITH_AES_128_GCM_SHA256"
        }, 
        "009d": {
            "enc": "AES_256_GCM", 
            "hash": "SHA384", 
            "auth": "AES_256_GCM", 
            "sig": "RSA-KT", 
            "kex": "RSA", 
            "desc": "TLS_RSA_RSA-KT_WITH_AES_256_GCM_SHA384"
        }, 
        "009c": {
            "enc": "AES_128_GCM", 
            "hash": "SHA256", 
            "auth": "AES_128_GCM", 
            "sig": "RSA-KT", 
            "kex": "RSA", 
            "desc": "TLS_RSA_RSA-KT_WITH_AES_128_GCM_SHA256"
        }, 
        "009b": {
            "enc": "SEED_CBC", 
            "hash": "SHA", 
            "auth": "HMAC", 
            "sig": "anon", 
            "kex": "DH_anon", 
            "desc": "TLS_DH_anon_anon_WITH_SEED_CBC_SHA"
        }, 
        "009a": {
            "enc": "SEED_CBC", 
            "hash": "SHA", 
            "auth": "HMAC", 
            "sig": "RSA", 
            "kex": "DHE", 
            "desc": "TLS_DHE_RSA_WITH_SEED_CBC_SHA"
        }, 
        "c09b": {
            "enc": "CAMELLIA_256_CBC", 
            "hash": "SHA384", 
            "auth": "HMAC", 
            "sig": "PSK", 
            "kex": "ECDHE", 
            "desc": "TLS_ECDHE_PSK_WITH_CAMELLIA_256_CBC_SHA384"
        }, 
        "c09c": {
            "enc": "AES_128_CCM", 
            "hash": "SHA", 
            "auth": "AES_128_CCM", 
            "sig": "RSA-KT", 
            "kex": "RSA", 
            "desc": "TLS_RSA_RSA-KT_WITH_AES_128_CCM_SHA"
        }, 
        "c09a": {
            "enc": "CAMELLIA_128_CBC", 
            "hash": "SHA256", 
            "auth": "HMAC", 
            "sig": "PSK", 
            "kex": "ECDHE", 
            "desc": "TLS_ECDHE_PSK_WITH_CAMELLIA_128_CBC_SHA256"
        }, 
        "c09f": {
            "enc": "AES_256_CCM", 
            "hash": "SHA", 
            "auth": "AES_256_CCM", 
            "sig": "RSA", 
            "kex": "DHE", 
            "desc": "TLS_DHE_RSA_WITH_AES_256_CCM_SHA"
        }, 
        "0089": {
            "enc": "CAMELLIA_256_CBC", 
            "hash": "SHA", 
            "auth": "HMAC", 
            "sig": "anon", 
            "kex": "DH_anon", 
            "desc": "TLS_DH_anon_anon_WITH_CAMELLIA_256_CBC_SHA"
        }, 
        "c09d": {
            "enc": "AES_256_CCM", 
            "hash": "SHA", 
            "auth": "AES_256_CCM", 
            "sig": "RSA-KT", 
            "kex": "RSA", 
            "desc": "TLS_RSA_RSA-KT_WITH_AES_256_CCM_SHA"
        }, 
        "c09e": {
            "enc": "AES_128_CCM", 
            "hash": "SHA", 
            "auth": "AES_128_CCM", 
            "sig": "RSA", 
            "kex": "DHE", 
            "desc": "TLS_DHE_RSA_WITH_AES_128_CCM_SHA"
        }, 
        "0084": {
            "enc": "CAMELLIA_256_CBC", 
            "hash": "SHA", 
            "auth": "HMAC", 
            "sig": "RSA-KT", 
            "kex": "RSA", 
            "desc": "TLS_RSA_RSA-KT_WITH_CAMELLIA_256_CBC_SHA"
        }, 
        "0085": {
            "enc": "CAMELLIA_256_CBC", 
            "hash": "SHA", 
            "auth": "HMAC", 
            "sig": "DSS", 
            "kex": "DH", 
            "desc": "TLS_DH_DSS_WITH_CAMELLIA_256_CBC_SHA"
        }, 
        "0086": {
            "enc": "CAMELLIA_256_CBC", 
            "hash": "SHA", 
            "auth": "HMAC", 
            "sig": "RSA", 
            "kex": "DH", 
            "desc": "TLS_DH_RSA_WITH_CAMELLIA_256_CBC_SHA"
        }, 
        "c0ae": {
            "enc": "AES_128_CCM_8", 
            "hash": "SHA", 
            "auth": "AES_128_CCM_8", 
            "sig": "ECDSA", 
            "kex": "ECDHE", 
            "desc": "TLS_ECDHE_ECDSA_WITH_AES_128_CCM_8_SHA"
        }, 
        "0019": {
            "enc": "DES40_CBC", 
            "hash": "SHA", 
            "auth": "HMAC", 
            "sig": "anon", 
            "kex": "DH_anon", 
            "desc": "TLS_DH_anon_anon_WITH_DES40_CBC_SHA"
        }, 
        "c012": {
            "enc": "3DES_EDE_CBC", 
            "hash": "SHA", 
            "auth": "HMAC", 
            "sig": "RSA", 
            "kex": "ECDHE", 
            "desc": "TLS_ECDHE_RSA_WITH_3DES_EDE_CBC_SHA"
        }, 
        "c046": {
            "enc": "ARIA_128_CBC", 
            "hash": "SHA256", 
            "auth": "HMAC", 
            "sig": "anon", 
            "kex": "DH_anon", 
            "desc": "TLS_DH_anon_anon_WITH_ARIA_128_CBC_SHA256"
        }, 
        "0023": {
            "enc": "3DES_EDE_CBC", 
            "hash": "MD5", 
            "auth": "HMAC", 
            "sig": "KRB5", 
            "kex": "KRB5", 
            "desc": "TLS_KRB5_KRB5_WITH_3DES_EDE_CBC_MD5"
        }, 
        "0020": {
            "enc": "RC4_128", 
            "hash": "SHA", 
            "auth": "HMAC", 
            "sig": "KRB5", 
            "kex": "KRB5", 
            "desc": "TLS_KRB5_KRB5_WITH_RC4_128_SHA"
        }, 
        "0021": {
            "enc": "IDEA_CBC", 
            "hash": "SHA", 
            "auth": "HMAC", 
            "sig": "KRB5", 
            "kex": "KRB5", 
            "desc": "TLS_KRB5_KRB5_WITH_IDEA_CBC_SHA"
        }, 
        "0026": {
            "enc": "DES40_CBC", 
            "hash": "SHA", 
            "auth": "HMAC", 
            "sig": "KRB5", 
            "kex": "KRB5", 
            "desc": "TLS_KRB5_KRB5_WITH_DES40_CBC_SHA"
        }, 
        "c0a6": {
            "enc": "AES_128_CCM", 
            "hash": "SHA", 
            "auth": "AES_128_CCM", 
            "sig": "PSK", 
            "kex": "DHE_PSK", 
            "desc": "TLS_DHE_PSK_PSK_WITH_AES_128_CCM_SHA"
        }, 
        "c0a1": {
            "enc": "AES_256_CCM_8", 
            "hash": "SHA", 
            "auth": "AES_256_CCM_8", 
            "sig": "RSA-KT", 
            "kex": "RSA", 
            "desc": "TLS_RSA_RSA-KT_WITH_AES_256_CCM_8_SHA"
        }, 
        "0025": {
            "enc": "IDEA_CBC", 
            "hash": "MD5", 
            "auth": "HMAC", 
            "sig": "KRB5", 
            "kex": "KRB5", 
            "desc": "TLS_KRB5_KRB5_WITH_IDEA_CBC_MD5"
        }, 
        "c02f": {
            "enc": "AES_128_GCM", 
            "hash": "SHA256", 
            "auth": "AES_128_GCM", 
            "sig": "RSA", 
            "kex": "ECDHE", 
            "desc": "TLS_ECDHE_RSA_WITH_AES_128_GCM_SHA256"
        }, 
        "c02e": {
            "enc": "AES_256_GCM", 
            "hash": "SHA384", 
            "auth": "AES_256_GCM", 
            "sig": "ECDSA", 
            "kex": "ECDH", 
            "desc": "TLS_ECDH_ECDSA_WITH_AES_256_GCM_SHA384"
        }, 
        "c02d": {
            "enc": "AES_128_GCM", 
            "hash": "SHA256", 
            "auth": "AES_128_GCM", 
            "sig": "ECDSA", 
            "kex": "ECDH", 
            "desc": "TLS_ECDH_ECDSA_WITH_AES_128_GCM_SHA256"
        }, 
        "c02c": {
            "enc": "AES_256_GCM", 
            "hash": "SHA384", 
            "auth": "AES_256_GCM", 
            "sig": "ECDSA", 
            "kex": "ECDHE", 
            "desc": "TLS_ECDHE_ECDSA_WITH_AES_256_GCM_SHA384"
        }, 
        "c02b": {
            "enc": "AES_128_GCM", 
            "hash": "SHA256", 
            "auth": "AES_128_GCM", 
            "sig": "ECDSA", 
            "kex": "ECDHE", 
            "desc": "TLS_ECDHE_ECDSA_WITH_AES_128_GCM_SHA256"
        }, 
        "c02a": {
            "enc": "AES_256_CBC", 
            "hash": "SHA384", 
            "auth": "HMAC", 
            "sig": "RSA", 
            "kex": "ECDH", 
            "desc": "TLS_ECDH_RSA_WITH_AES_256_CBC_SHA384"
        }, 
        "c034": {
            "enc": "3DES_EDE_CBC", 
            "hash": "SHA", 
            "auth": "HMAC", 
            "sig": "PSK", 
            "kex": "ECDHE", 
            "desc": "TLS_ECDHE_PSK_WITH_3DES_EDE_CBC_SHA"
        }, 
        "001f": {
            "enc": "3DES_EDE_CBC", 
            "hash": "SHA", 
            "auth": "HMAC", 
            "sig": "KRB5", 
            "kex": "KRB5", 
            "desc": "TLS_KRB5_KRB5_WITH_3DES_EDE_CBC_SHA"
        }, 
        "c018": {
            "enc": "AES_128_CBC", 
            "hash": "SHA", 
            "auth": "HMAC", 
            "sig": "anon", 
            "kex": "ECDH_anon", 
            "desc": "TLS_ECDH_anon_anon_WITH_AES_128_CBC_SHA"
        }, 
        "c019": {
            "enc": "AES_256_CBC", 
            "hash": "SHA", 
            "auth": "HMAC", 
            "sig": "anon", 
            "kex": "ECDH_anon", 
            "desc": "TLS_ECDH_anon_anon_WITH_AES_256_CBC_SHA"
        }, 
        "001b": {
            "enc": "3DES_EDE_CBC", 
            "hash": "SHA", 
            "auth": "HMAC", 
            "sig": "anon", 
            "kex": "DH_anon", 
            "desc": "TLS_DH_anon_anon_WITH_3DES_EDE_CBC_SHA"
        }, 
        "001a": {
            "enc": "DES_CBC", 
            "hash": "SHA", 
            "auth": "HMAC", 
            "sig": "anon", 
            "kex": "DH_anon", 
            "desc": "TLS_DH_anon_anon_WITH_DES_CBC_SHA"
        }, 
        "ccaa": {
            "enc": "CHACHA20_POLY1305", 
            "hash": "SHA256", 
            "auth": "CHACHA20_POLY1305", 
            "sig": "RSA", 
            "kex": "DHE", 
            "desc": "TLS_DHE_RSA_WITH_CHACHA20_POLY1305_SHA256"
        }, 
        "006b": {
            "enc": "AES_256_CBC", 
            "hash": "SHA256", 
            "auth": "HMAC", 
            "sig": "RSA", 
            "kex": "DHE", 
            "desc": "TLS_DHE_RSA_WITH_AES_256_CBC_SHA256"
        }, 
        "ccac": {
            "enc": "CHACHA20_POLY1305", 
            "hash": "SHA256", 
            "auth": "CHACHA20_POLY1305", 
            "sig": "PSK", 
            "kex": "ECDHE", 
            "desc": "TLS_ECDHE_PSK_WITH_CHACHA20_POLY1305_SHA256"
        }, 
        "ccab": {
            "enc": "CHACHA20_POLY1305", 
            "hash": "SHA256", 
            "auth": "CHACHA20_POLY1305", 
            "sig": "PSK", 
            "kex": "PSK", 
            "desc": "TLS_PSK_PSK_WITH_CHACHA20_POLY1305_SHA256"
        }, 
        "ccae": {
            "enc": "CHACHA20_POLY1305", 
            "hash": "SHA256", 
            "auth": "CHACHA20_POLY1305", 
            "sig": "PSK", 
            "kex": "RSA", 
            "desc": "TLS_RSA_PSK_WITH_CHACHA20_POLY1305_SHA256"
        }, 
        "ccad": {
            "enc": "CHACHA20_POLY1305", 
            "hash": "SHA256", 
            "auth": "CHACHA20_POLY1305", 
            "sig": "PSK", 
            "kex": "DHE_PSK", 
            "desc": "TLS_DHE_PSK_PSK_WITH_CHACHA20_POLY1305_SHA256"
        }, 
        "c014": {
            "enc": "AES_256_CBC", 
            "hash": "SHA", 
            "auth": "HMAC", 
            "sig": "RSA", 
            "kex": "ECDHE", 
            "desc": "TLS_ECDHE_RSA_WITH_AES_256_CBC_SHA"
        }, 
        "c015": {
            "enc": "NULL", 
            "hash": "SHA", 
            "auth": "NULL", 
            "sig": "anon", 
            "kex": "ECDH_anon", 
            "desc": "TLS_ECDH_anon_anon_WITH_NULL_SHA"
        }, 
        "c092": {
            "enc": "CAMELLIA_128_GCM", 
            "hash": "SHA256", 
            "auth": "CAMELLIA_128_GCM", 
            "sig": "PSK", 
            "kex": "RSA", 
            "desc": "TLS_RSA_PSK_WITH_CAMELLIA_128_GCM_SHA256"
        }, 
        "c093": {
            "enc": "CAMELLIA_256_GCM", 
            "hash": "SHA384", 
            "auth": "CAMELLIA_256_GCM", 
            "sig": "PSK", 
            "kex": "RSA", 
            "desc": "TLS_RSA_PSK_WITH_CAMELLIA_256_GCM_SHA384"
        }, 
        "c090": {
            "enc": "CAMELLIA_128_GCM", 
            "hash": "SHA256", 
            "auth": "CAMELLIA_128_GCM", 
            "sig": "PSK", 
            "kex": "DHE_PSK", 
            "desc": "TLS_DHE_PSK_PSK_WITH_CAMELLIA_128_GCM_SHA256"
        }, 
        "c091": {
            "enc": "CAMELLIA_256_GCM", 
            "hash": "SHA384", 
            "auth": "CAMELLIA_256_GCM", 
            "sig": "PSK", 
            "kex": "DHE_PSK", 
            "desc": "TLS_DHE_PSK_PSK_WITH_CAMELLIA_256_GCM_SHA384"
        }, 
        "c096": {
            "enc": "CAMELLIA_128_CBC", 
            "hash": "SHA256", 
            "auth": "HMAC", 
            "sig": "PSK", 
            "kex": "DHE_PSK", 
            "desc": "TLS_DHE_PSK_PSK_WITH_CAMELLIA_128_CBC_SHA256"
        }, 
        "c097": {
            "enc": "CAMELLIA_256_CBC", 
            "hash": "SHA384", 
            "auth": "HMAC", 
            "sig": "PSK", 
            "kex": "DHE_PSK", 
            "desc": "TLS_DHE_PSK_PSK_WITH_CAMELLIA_256_CBC_SHA384"
        }, 
        "c094": {
            "enc": "CAMELLIA_128_CBC", 
            "hash": "SHA256", 
            "auth": "HMAC", 
            "sig": "PSK", 
            "kex": "PSK", 
            "desc": "TLS_PSK_PSK_WITH_CAMELLIA_128_CBC_SHA256"
        }, 
        "c095": {
            "enc": "CAMELLIA_256_CBC", 
            "hash": "SHA384", 
            "auth": "HMAC", 
            "sig": "PSK", 
            "kex": "PSK", 
            "desc": "TLS_PSK_PSK_WITH_CAMELLIA_256_CBC_SHA384"
        }, 
        "008d": {
            "enc": "AES_256_CBC", 
            "hash": "SHA", 
            "auth": "HMAC", 
            "sig": "PSK", 
            "kex": "PSK", 
            "desc": "TLS_PSK_PSK_WITH_AES_256_CBC_SHA"
        }, 
        "008e": {
            "enc": "RC4_128", 
            "hash": "SHA", 
            "auth": "HMAC", 
            "sig": "PSK", 
            "kex": "DHE_PSK", 
            "desc": "TLS_DHE_PSK_PSK_WITH_RC4_128_SHA"
        }, 
        "c098": {
            "enc": "CAMELLIA_128_CBC", 
            "hash": "SHA256", 
            "auth": "HMAC", 
            "sig": "PSK", 
            "kex": "RSA", 
            "desc": "TLS_RSA_PSK_WITH_CAMELLIA_128_CBC_SHA256"
        }, 
        "c099": {
            "enc": "CAMELLIA_256_CBC", 
            "hash": "SHA384", 
            "auth": "HMAC", 
            "sig": "PSK", 
            "kex": "RSA", 
            "desc": "TLS_RSA_PSK_WITH_CAMELLIA_256_CBC_SHA384"
        }, 
        "008a": {
            "enc": "RC4_128", 
            "hash": "SHA", 
            "auth": "HMAC", 
            "sig": "PSK", 
            "kex": "PSK", 
            "desc": "TLS_PSK_PSK_WITH_RC4_128_SHA"
        }, 
        "008b": {
            "enc": "3DES_EDE_CBC", 
            "hash": "SHA", 
            "auth": "HMAC", 
            "sig": "PSK", 
            "kex": "PSK", 
            "desc": "TLS_PSK_PSK_WITH_3DES_EDE_CBC_SHA"
        }, 
        "008c": {
            "enc": "AES_128_CBC", 
            "hash": "SHA", 
            "auth": "HMAC", 
            "sig": "PSK", 
            "kex": "PSK", 
            "desc": "TLS_PSK_PSK_WITH_AES_128_CBC_SHA"
        }, 
        "c084": {
            "enc": "CAMELLIA_128_GCM", 
            "hash": "SHA256", 
            "auth": "CAMELLIA_128_GCM", 
            "sig": "anon", 
            "kex": "DH_anon", 
            "desc": "TLS_DH_anon_anon_WITH_CAMELLIA_128_GCM_SHA256"
        }, 
        "0099": {
            "enc": "SEED_CBC", 
            "hash": "SHA", 
            "auth": "HMAC", 
            "sig": "DSS", 
            "kex": "DHE", 
            "desc": "TLS_DHE_DSS_WITH_SEED_CBC_SHA"
        }, 
        "009f": {
            "enc": "AES_256_GCM", 
            "hash": "SHA384", 
            "auth": "AES_256_GCM", 
            "sig": "RSA", 
            "kex": "DHE", 
            "desc": "TLS_DHE_RSA_WITH_AES_256_GCM_SHA384"
        }, 
        "0097": {
            "enc": "SEED_CBC", 
            "hash": "SHA", 
            "auth": "HMAC", 
            "sig": "DSS", 
            "kex": "DH", 
            "desc": "TLS_DH_DSS_WITH_SEED_CBC_SHA"
        }, 
        "0096": {
            "enc": "SEED_CBC", 
            "hash": "SHA", 
            "auth": "HMAC", 
            "sig": "RSA-KT", 
            "kex": "RSA", 
            "desc": "TLS_RSA_RSA-KT_WITH_SEED_CBC_SHA"
        }, 
        "0095": {
            "enc": "AES_256_CBC", 
            "hash": "SHA", 
            "auth": "HMAC", 
            "sig": "PSK", 
            "kex": "RSA", 
            "desc": "TLS_RSA_PSK_WITH_AES_256_CBC_SHA"
        }, 
        "00a8": {
            "enc": "AES_128_GCM", 
            "hash": "SHA256", 
            "auth": "AES_128_GCM", 
            "sig": "PSK", 
            "kex": "PSK", 
            "desc": "TLS_PSK_PSK_WITH_AES_128_GCM_SHA256"
        }, 
        "0093": {
            "enc": "3DES_EDE_CBC", 
            "hash": "SHA", 
            "auth": "HMAC", 
            "sig": "PSK", 
            "kex": "RSA", 
            "desc": "TLS_RSA_PSK_WITH_3DES_EDE_CBC_SHA"
        }, 
        "0092": {
            "enc": "RC4_128", 
            "hash": "SHA", 
            "auth": "HMAC", 
            "sig": "PSK", 
            "kex": "RSA", 
            "desc": "TLS_RSA_PSK_WITH_RC4_128_SHA"
        }, 
        "0091": {
            "enc": "AES_256_CBC", 
            "hash": "SHA", 
            "auth": "HMAC", 
            "sig": "PSK", 
            "kex": "DHE_PSK", 
            "desc": "TLS_DHE_PSK_PSK_WITH_AES_256_CBC_SHA"
        }, 
        "0090": {
            "enc": "AES_128_CBC", 
            "hash": "SHA", 
            "auth": "HMAC", 
            "sig": "PSK", 
            "kex": "DHE_PSK", 
            "desc": "TLS_DHE_PSK_PSK_WITH_AES_128_CBC_SHA"
        }
    }
}